row_id,kind,vendor,sku_id,sku_name,item_number,current,proposed,basis,confidence,evidence,needs_juan,note
DL-001,dedupe_level,Baldor,c35dfb4f-492a-43e9-8551-3a0558b695f7,Fresh Mozzarella,,"[{""id"":""5bc2892c-b225-4c5e-a961-0c7d206c354e"",""label"":""case"",""contains_qty"":192,""contains_level_id"":""2f0506b2-d795-4440-942e-8c5e09cad247"",""contains_measure_unit"":null,""display_ordinal"":0,""active"":true},{""id"":""df1df123-2328-4dcc-9b81-07c9df4351c0"",""label"":""case"",""contains_qty"":72,""contains_level_id"":""cdd8d28d-391f-45e0-83cb-6e28e8c5c44d"",""contains_measure_unit"":null,""display_ordinal"":0,""active"":false},{""id"":""f5edcd6b-70ca-4318-83e6-1ba4b437d614"",""label"":""case"",""contains_qty"":72,""contains_level_id"":""1aec3664-c0db-4eca-955c-124b843eac9a"",""contains_measure_unit"":null,""display_ordinal"":0,""active"":false},{""id"":""2f0506b2-d795-4440-942e-8c5e09cad247"",""label"":""inner"",""contains_qty"":1,""contains_level_id"":null,""contains_measure_unit"":""each"",""display_ordinal"":1,""active"":true},{""id"":""1aec3664-c0db-4eca-955c-124b843eac9a"",""label"":""inner"",""contains_qty"":1,""contains_level_id"":null,""contains_measure_unit"":""each"",""display_ordinal"":1,""active"":false},{""id"":""cdd8d28d-391f-45e0-83cb-6e28e8c5c44d"",""label"":""inner"",""contains_qty"":1,""contains_level_id"":null,""contains_measure_unit"":""each"",""display_ordinal"":1,""active"":false}]","{""survivor_ids"":[""2f0506b2-d795-4440-942e-8c5e09cad247"",""5bc2892c-b225-4c5e-a961-0c7d206c354e""],""retire_ids"":[""1aec3664-c0db-4eca-955c-124b843eac9a"",""cdd8d28d-391f-45e0-83cb-6e28e8c5c44d"",""df1df123-2328-4dcc-9b81-07c9df4351c0"",""f5edcd6b-70ca-4318-83e6-1ba4b437d614""],""operation"":""no_op_already_retired""}",Active chain retained; duplicate count includes inactive history.,low,docs/seed/source/vendor-exports/context/catalog-prod-2026-09-19.json:2942; docs/seed/source/vendor-exports/reports/2026-09-19-catalog-join.md:58; docs/seed/source/vendor-exports/context/catalog-prod-2026-09-19.json:3962; docs/seed/source/vendor-exports/context/catalog-prod-2026-09-19.json:4062; docs/seed/source/vendor-exports/context/catalog-prod-2026-09-19.json:4322; docs/seed/source/vendor-exports/context/catalog-prod-2026-09-19.json:5322; docs/seed/source/vendor-exports/context/catalog-prod-2026-09-19.json:5422; docs/seed/source/vendor-exports/context/catalog-prod-2026-09-19.json:5602,true,"No duplicate ACTIVE ordinal. Retire IDs already have active=false; preserve history. Historical versions conflict. No matching vendor export pack; candidates retained in current. Floor confirmation required. Candidates: 1aec3664-c0db-4eca-955c-124b843eac9a [inner, ordinal 1, 1 each, active=false]; 2f0506b2-d795-4440-942e-8c5e09cad247 [inner, ordinal 1, 1 each, active=true]; 5bc2892c-b225-4c5e-a961-0c7d206c354e [case, ordinal 0, 192 child 2f0506b2-d795-4440-942e-8c5e09cad247, active=true]; cdd8d28d-391f-45e0-83cb-6e28e8c5c44d [inner, ordinal 1, 1 each, active=false]; df1df123-2328-4dcc-9b81-07c9df4351c0 [case, ordinal 0, 72 child cdd8d28d-391f-45e0-83cb-6e28e8c5c44d, active=false]; f5edcd6b-70ca-4318-83e6-1ba4b437d614 [case, ordinal 0, 72 child 1aec3664-c0db-4eca-955c-124b843eac9a, active=false]."
DL-002,dedupe_level,Baldor,15944b2d-881b-419e-bcdb-8d8c5412de5a,Ham,,"[{""id"":""8fb50b41-c028-4a19-aca3-21dd51fe361f"",""label"":""case"",""contains_qty"":16,""contains_level_id"":null,""contains_measure_unit"":""oz"",""display_ordinal"":0,""active"":true},{""id"":""e0fa1b4e-6900-484b-b359-002b5acb2125"",""label"":""case"",""contains_qty"":16,""contains_level_id"":null,""contains_measure_unit"":""oz"",""display_ordinal"":0,""active"":false}]","{""survivor_ids"":[""8fb50b41-c028-4a19-aca3-21dd51fe361f""],""retire_ids"":[""e0fa1b4e-6900-484b-b359-002b5acb2125""],""operation"":""no_op_already_retired""}",Active chain retained; duplicate count includes inactive history.,low,docs/seed/source/vendor-exports/context/catalog-prod-2026-09-19.json:414; docs/seed/source/vendor-exports/reports/2026-09-19-catalog-join.md:42; docs/seed/source/vendor-exports/context/catalog-prod-2026-09-19.json:4752; docs/seed/source/vendor-exports/context/catalog-prod-2026-09-19.json:5442,false,No duplicate ACTIVE ordinal. Retire IDs already have active=false; preserve history. Historical duplicate quantities agree. No matching vendor export pack; candidates retained in current. No change proposed.
DL-003,dedupe_level,Boar's Head,c94d6c52-9005-49db-a00a-90b4b7ef50fb,Bacon,,"[{""id"":""a8929ee5-e612-4aab-ac63-6b53de760f90"",""label"":""case"",""contains_qty"":240,""contains_level_id"":null,""contains_measure_unit"":""oz"",""display_ordinal"":0,""active"":true},{""id"":""b8f6aefa-c8cc-47a9-a9c5-789e9a713a91"",""label"":""case"",""contains_qty"":240,""contains_level_id"":null,""contains_measure_unit"":""oz"",""display_ordinal"":0,""active"":false}]","{""survivor_ids"":[""a8929ee5-e612-4aab-ac63-6b53de760f90""],""retire_ids"":[""b8f6aefa-c8cc-47a9-a9c5-789e9a713a91""],""operation"":""no_op_already_retired""}","Active chain retained; duplicate count includes inactive history. Export 546 (pack absent); active total (240, 'oz'); export total None.",low,docs/seed/source/vendor-exports/context/catalog-prod-2026-09-19.json:3070; docs/seed/source/vendor-exports/reports/2026-09-19-catalog-join.md:79; docs/seed/source/vendor-exports/normalized/receipts-receipts-2026-09-18-batch2.json:122; docs/seed/source/vendor-exports/context/catalog-prod-2026-09-19.json:5022; docs/seed/source/vendor-exports/context/catalog-prod-2026-09-19.json:5182,false,No duplicate ACTIVE ordinal. Retire IDs already have active=false; preserve history. Historical duplicate quantities agree. No proven pack equivalence; keep the active version for CC review.
DL-004,dedupe_level,Boar's Head,16a0089c-a714-422c-a3fc-6921436c88b0,Ever Roast Chicken,,"[{""id"":""5d889a97-806d-57f8-ac0f-780025afbb9b"",""label"":""piece"",""contains_qty"":74.19,""contains_level_id"":null,""contains_measure_unit"":""oz"",""display_ordinal"":0,""active"":true},{""id"":""acc0f718-4850-4f53-9807-94bac5ac7025"",""label"":""piece"",""contains_qty"":74.1,""contains_level_id"":null,""contains_measure_unit"":""oz"",""display_ordinal"":0,""active"":false}]","{""survivor_ids"":[""5d889a97-806d-57f8-ac0f-780025afbb9b""],""retire_ids"":[""acc0f718-4850-4f53-9807-94bac5ac7025""],""operation"":""no_op_already_retired""}",Active chain retained; duplicate count includes inactive history.,low,docs/seed/source/vendor-exports/context/catalog-prod-2026-09-19.json:430; docs/seed/source/vendor-exports/reports/2026-09-19-catalog-join.md:94; docs/seed/source/vendor-exports/context/catalog-prod-2026-09-19.json:4342; docs/seed/source/vendor-exports/context/catalog-prod-2026-09-19.json:5092,true,"No duplicate ACTIVE ordinal. Retire IDs already have active=false; preserve history. Historical versions conflict. No matching vendor export pack; candidates retained in current. Floor confirmation required. Candidates: 5d889a97-806d-57f8-ac0f-780025afbb9b [piece, ordinal 0, 74.19 oz, active=true]; acc0f718-4850-4f53-9807-94bac5ac7025 [piece, ordinal 0, 74.1 oz, active=false]."
DL-005,dedupe_level,Boar's Head,8cdbffa4-30d3-4971-8929-8250ba4fff1e,Mortadella,,"[{""id"":""ce487d5f-ec86-4318-b18f-7b1c50f59bde"",""label"":""case"",""contains_qty"":16,""contains_level_id"":null,""contains_measure_unit"":""oz"",""display_ordinal"":0,""active"":true},{""id"":""6dc4e266-572f-4f58-8a7d-23fd1533ab39"",""label"":""case"",""contains_qty"":16,""contains_level_id"":null,""contains_measure_unit"":""oz"",""display_ordinal"":0,""active"":false}]","{""survivor_ids"":[""ce487d5f-ec86-4318-b18f-7b1c50f59bde""],""retire_ids"":[""6dc4e266-572f-4f58-8a7d-23fd1533ab39""],""operation"":""no_op_already_retired""}",Active chain retained; duplicate count includes inactive history.,low,docs/seed/source/vendor-exports/context/catalog-prod-2026-09-19.json:2222; docs/seed/source/vendor-exports/reports/2026-09-19-catalog-join.md:111; docs/seed/source/vendor-exports/context/catalog-prod-2026-09-19.json:4472; docs/seed/source/vendor-exports/context/catalog-prod-2026-09-19.json:5342,false,No duplicate ACTIVE ordinal. Retire IDs already have active=false; preserve history. Historical duplicate quantities agree. No matching vendor export pack; candidates retained in current. No change proposed.
DL-006,dedupe_level,Boar's Head,9eced455-d0c2-4b2f-8884-4b741d4d1edf,Pepperoni,,"[{""id"":""87ba784b-d05a-50d4-afde-b7bb1044ffb3"",""label"":""piece"",""contains_qty"":55.88,""contains_level_id"":null,""contains_measure_unit"":""oz"",""display_ordinal"":0,""active"":true},{""id"":""16e1bcb9-d86f-4b62-aac0-0cb5db88c1f5"",""label"":""piece"",""contains_qty"":55.9,""contains_level_id"":null,""contains_measure_unit"":""oz"",""display_ordinal"":0,""active"":false}]","{""survivor_ids"":[""87ba784b-d05a-50d4-afde-b7bb1044ffb3""],""retire_ids"":[""16e1bcb9-d86f-4b62-aac0-0cb5db88c1f5""],""operation"":""no_op_already_retired""}","Active chain retained; duplicate count includes inactive history. Export 558 (pack absent); active total (55.88, 'oz'); export total None.",low,docs/seed/source/vendor-exports/context/catalog-prod-2026-09-19.json:2462; docs/seed/source/vendor-exports/reports/2026-09-19-catalog-join.md:83; docs/seed/source/vendor-exports/normalized/receipts-receipts-2026-09-18-batch2.json:250; docs/seed/source/vendor-exports/context/catalog-prod-2026-09-19.json:3922; docs/seed/source/vendor-exports/context/catalog-prod-2026-09-19.json:4722,true,"No duplicate ACTIVE ordinal. Retire IDs already have active=false; preserve history. Historical versions conflict. Neither version is proven to reconcile at the internal purchase denominator; both candidates are in current. Hold any pack write. Candidates: 16e1bcb9-d86f-4b62-aac0-0cb5db88c1f5 [piece, ordinal 0, 55.9 oz, active=false]; 87ba784b-d05a-50d4-afde-b7bb1044ffb3 [piece, ordinal 0, 55.88 oz, active=true]."
DL-007,dedupe_level,Boar's Head,2dcc2757-f3eb-470f-bd39-2881c2a06e4e,Pickle slices,,"[{""id"":""76260cf3-33af-49d0-a7fe-2d805cb181bf"",""label"":""tub"",""contains_qty"":1500,""contains_level_id"":""748ca841-e4e6-42fa-9bb2-c0a9bdd70f06"",""contains_measure_unit"":null,""display_ordinal"":0,""active"":true},{""id"":""6a617567-7b27-4a39-90d3-04fc8769fcb4"",""label"":""tub"",""contains_qty"":1500,""contains_level_id"":""b7ee594b-5b19-44e1-9471-887bfc643020"",""contains_measure_unit"":null,""display_ordinal"":0,""active"":false},{""id"":""748ca841-e4e6-42fa-9bb2-c0a9bdd70f06"",""label"":""inner"",""contains_qty"":1,""contains_level_id"":null,""contains_measure_unit"":""each"",""display_ordinal"":1,""active"":true},{""id"":""b7ee594b-5b19-44e1-9471-887bfc643020"",""label"":""inner"",""contains_qty"":1,""contains_level_id"":null,""contains_measure_unit"":""each"",""display_ordinal"":1,""active"":false}]","{""survivor_ids"":[""748ca841-e4e6-42fa-9bb2-c0a9bdd70f06"",""76260cf3-33af-49d0-a7fe-2d805cb181bf""],""retire_ids"":[""6a617567-7b27-4a39-90d3-04fc8769fcb4"",""b7ee594b-5b19-44e1-9471-887bfc643020""],""operation"":""no_op_already_retired""}",Active chain retained; duplicate count includes inactive history.,low,docs/seed/source/vendor-exports/context/catalog-prod-2026-09-19.json:798; docs/seed/source/vendor-exports/reports/2026-09-19-catalog-join.md:99; docs/seed/source/vendor-exports/context/catalog-prod-2026-09-19.json:4442; docs/seed/source/vendor-exports/context/catalog-prod-2026-09-19.json:4542; docs/seed/source/vendor-exports/context/catalog-prod-2026-09-19.json:4572; docs/seed/source/vendor-exports/context/catalog-prod-2026-09-19.json:5172,false,No duplicate ACTIVE ordinal. Retire IDs already have active=false; preserve history. Historical duplicate quantities agree. No matching vendor export pack; candidates retained in current. No change proposed.
DL-008,dedupe_level,Boar's Head,7d0481f5-df88-49f2-addb-ff96c7cc1024,Prosciutto,,"[{""id"":""5efb54be-99ef-469a-bc60-749d2dd15d18"",""label"":""case"",""contains_qty"":12,""contains_level_id"":null,""contains_measure_unit"":""oz"",""display_ordinal"":0,""active"":true},{""id"":""92d8d571-8552-4750-b646-89e12736bd5d"",""label"":""case"",""contains_qty"":12,""contains_level_id"":null,""contains_measure_unit"":""oz"",""display_ordinal"":0,""active"":false}]","{""survivor_ids"":[""5efb54be-99ef-469a-bc60-749d2dd15d18""],""retire_ids"":[""92d8d571-8552-4750-b646-89e12736bd5d""],""operation"":""no_op_already_retired""}",Active chain retained; duplicate count includes inactive history.,low,docs/seed/source/vendor-exports/context/catalog-prod-2026-09-19.json:1998; docs/seed/source/vendor-exports/reports/2026-09-19-catalog-join.md:108; docs/seed/source/vendor-exports/context/catalog-prod-2026-09-19.json:4362; docs/seed/source/vendor-exports/context/catalog-prod-2026-09-19.json:4822,false,No duplicate ACTIVE ordinal. Retire IDs already have active=false; preserve history. Historical duplicate quantities agree. No matching vendor export pack; candidates retained in current. No change proposed.
DL-009,dedupe_level,Cardinal Bakery,9478c3e2-868e-444f-95f4-009a7b3b507b,Sub Roll,,"[{""id"":""6e39986f-5e77-4e79-979d-b4f567f3b943"",""label"":""flat"",""contains_qty"":5,""contains_level_id"":""a8a9efd5-3990-4dc9-ab18-d92e0aefcd31"",""contains_measure_unit"":null,""display_ordinal"":0,""active"":true},{""id"":""d8b06df3-77d4-492c-9db9-1abc5e002a7b"",""label"":""flat"",""contains_qty"":5,""contains_level_id"":""72ea6bf7-4a47-4a54-b94e-3399b2197788"",""contains_measure_unit"":null,""display_ordinal"":0,""active"":false},{""id"":""fccc2326-7e16-4955-8f43-759370930311"",""label"":""flat"",""contains_qty"":5,""contains_level_id"":""ed418e06-a64b-433a-9df8-6f20afeceebd"",""contains_measure_unit"":null,""display_ordinal"":0,""active"":false},{""id"":""a8a9efd5-3990-4dc9-ab18-d92e0aefcd31"",""label"":""Packs"",""contains_qty"":6,""contains_level_id"":""b73dd417-959f-48c8-a6d9-e5c2c927da5a"",""contains_measure_unit"":null,""display_ordinal"":1,""active"":true},{""id"":""72ea6bf7-4a47-4a54-b94e-3399b2197788"",""label"":""inner"",""contains_qty"":6,""contains_level_id"":null,""contains_measure_unit"":""each"",""display_ordinal"":1,""active"":false},{""id"":""ed418e06-a64b-433a-9df8-6f20afeceebd"",""label"":""inner"",""contains_qty"":6,""contains_level_id"":null,""contains_measure_unit"":""each"",""display_ordinal"":1,""active"":false},{""id"":""b73dd417-959f-48c8-a6d9-e5c2c927da5a"",""label"":""Sub roll"",""contains_qty"":4,""contains_level_id"":null,""contains_measure_unit"":""oz"",""display_ordinal"":2,""active"":true}]","{""survivor_ids"":[""6e39986f-5e77-4e79-979d-b4f567f3b943"",""a8a9efd5-3990-4dc9-ab18-d92e0aefcd31"",""b73dd417-959f-48c8-a6d9-e5c2c927da5a""],""retire_ids"":[""72ea6bf7-4a47-4a54-b94e-3399b2197788"",""d8b06df3-77d4-492c-9db9-1abc5e002a7b"",""ed418e06-a64b-433a-9df8-6f20afeceebd"",""fccc2326-7e16-4955-8f43-759370930311""],""operation"":""no_op_already_retired""}","Active chain retained; duplicate count includes inactive history. Export 1030 1/1 DZ; active total (120, 'oz'); export total (12, 'each').",low,docs/seed/source/vendor-exports/context/catalog-prod-2026-09-19.json:2334; docs/seed/source/vendor-exports/reports/2026-09-19-catalog-join.md:126; docs/seed/source/vendor-exports/normalized/receipts-receipts-2026-09-18-batch2.json:34; docs/seed/source/vendor-exports/context/catalog-prod-2026-09-19.json:4482; docs/seed/source/vendor-exports/context/catalog-prod-2026-09-19.json:4532; docs/seed/source/vendor-exports/context/catalog-prod-2026-09-19.json:5032; docs/seed/source/vendor-exports/context/catalog-prod-2026-09-19.json:5152; docs/seed/source/vendor-exports/context/catalog-prod-2026-09-19.json:5382; docs/seed/source/vendor-exports/context/catalog-prod-2026-09-19.json:5522; docs/seed/source/vendor-exports/context/catalog-prod-2026-09-19.json:5642,true,"No duplicate ACTIVE ordinal. Retire IDs already have active=false; preserve history. Historical versions conflict. Neither version is proven to reconcile at the internal purchase denominator; both candidates are in current. Hold any pack write. Candidates: 6e39986f-5e77-4e79-979d-b4f567f3b943 [flat, ordinal 0, 5 child a8a9efd5-3990-4dc9-ab18-d92e0aefcd31, active=true]; 72ea6bf7-4a47-4a54-b94e-3399b2197788 [inner, ordinal 1, 6 each, active=false]; a8a9efd5-3990-4dc9-ab18-d92e0aefcd31 [Packs, ordinal 1, 6 child b73dd417-959f-48c8-a6d9-e5c2c927da5a, active=true]; b73dd417-959f-48c8-a6d9-e5c2c927da5a [Sub roll, ordinal 2, 4 oz, active=true]; d8b06df3-77d4-492c-9db9-1abc5e002a7b [flat, ordinal 0, 5 child 72ea6bf7-4a47-4a54-b94e-3399b2197788, active=false]; ed418e06-a64b-433a-9df8-6f20afeceebd [inner, ordinal 1, 6 each, active=false]; fccc2326-7e16-4955-8f43-759370930311 [flat, ordinal 0, 5 child ed418e06-a64b-433a-9df8-6f20afeceebd, active=false]."
DL-010,dedupe_level,Country Snacks,4390b5b3-c59e-4d8f-804e-35570e1aef84,Utz Ripples,,"[{""id"":""2256bcf7-1f3b-4ba9-8d17-f5b105cdaeb0"",""label"":""Box"",""contains_qty"":9,""contains_level_id"":""2bf9f6be-0e66-4f74-ac49-8b7e6b36355b"",""contains_measure_unit"":null,""display_ordinal"":0,""active"":true},{""id"":""15776c0c-163f-4a63-a0d0-f8c5544b000a"",""label"":""bag"",""contains_qty"":7.75,""contains_level_id"":null,""contains_measure_unit"":""oz"",""display_ordinal"":0,""active"":false},{""id"":""6b9046a5-103a-439c-8611-1d5686b594eb"",""label"":""bag"",""contains_qty"":7.75,""contains_level_id"":null,""contains_measure_unit"":""oz"",""display_ordinal"":0,""active"":false},{""id"":""913573de-fcca-4002-a505-d544ded1f2b1"",""label"":""bag"",""contains_qty"":12.5,""contains_level_id"":null,""contains_measure_unit"":""oz"",""display_ordinal"":0,""active"":false},{""id"":""af7f4644-9031-4e78-8b2f-d62beeabac57"",""label"":""Box"",""contains_qty"":9,""contains_level_id"":""612e6d7e-9c48-45a3-ace7-edae47c31fb9"",""contains_measure_unit"":null,""display_ordinal"":0,""active"":false},{""id"":""2bf9f6be-0e66-4f74-ac49-8b7e6b36355b"",""label"":""Bag"",""contains_qty"":12.5,""contains_level_id"":null,""contains_measure_unit"":""oz"",""display_ordinal"":1,""active"":true},{""id"":""612e6d7e-9c48-45a3-ace7-edae47c31fb9"",""label"":""Bag"",""contains_qty"":12.5,""contains_level_id"":null,""contains_measure_unit"":""oz"",""display_ordinal"":1,""active"":false}]","{""survivor_ids"":[""2256bcf7-1f3b-4ba9-8d17-f5b105cdaeb0"",""2bf9f6be-0e66-4f74-ac49-8b7e6b36355b""],""retire_ids"":[""15776c0c-163f-4a63-a0d0-f8c5544b000a"",""612e6d7e-9c48-45a3-ace7-edae47c31fb9"",""6b9046a5-103a-439c-8611-1d5686b594eb"",""913573de-fcca-4002-a505-d544ded1f2b1"",""af7f4644-9031-4e78-8b2f-d62beeabac57""],""operation"":""no_op_already_retired""}",Active 9 x 12.5 oz chain matches Thompson 27149; Country Snacks ownership prevents attaching Thompson identity.,medium,docs/seed/source/vendor-exports/context/catalog-prod-2026-09-19.json:1118; docs/seed/source/vendor-exports/reports/2026-09-19-catalog-join.md:146; docs/seed/source/vendor-exports/normalized/receipts-receipts-2026-09-18-batch1.json:2; docs/seed/source/vendor-exports/context/catalog-prod-2026-09-19.json:3902; docs/seed/source/vendor-exports/context/catalog-prod-2026-09-19.json:3982; docs/seed/source/vendor-exports/context/catalog-prod-2026-09-19.json:4032; docs/seed/source/vendor-exports/context/catalog-prod-2026-09-19.json:4372; docs/seed/source/vendor-exports/context/catalog-prod-2026-09-19.json:4452; docs/seed/source/vendor-exports/context/catalog-prod-2026-09-19.json:4782; docs/seed/source/vendor-exports/context/catalog-prod-2026-09-19.json:5112,true,"No duplicate ACTIVE ordinal. Retire IDs already have active=false; preserve history. Historical versions conflict. No matching vendor export pack; candidates retained in current. Floor confirmation required. Same-vendor identity remains unproved. Candidates: 15776c0c-163f-4a63-a0d0-f8c5544b000a [bag, ordinal 0, 7.75 oz, active=false]; 2256bcf7-1f3b-4ba9-8d17-f5b105cdaeb0 [Box, ordinal 0, 9 child 2bf9f6be-0e66-4f74-ac49-8b7e6b36355b, active=true]; 2bf9f6be-0e66-4f74-ac49-8b7e6b36355b [Bag, ordinal 1, 12.5 oz, active=true]; 612e6d7e-9c48-45a3-ace7-edae47c31fb9 [Bag, ordinal 1, 12.5 oz, active=false]; 6b9046a5-103a-439c-8611-1d5686b594eb [bag, ordinal 0, 7.75 oz, active=false]; 913573de-fcca-4002-a505-d544ded1f2b1 [bag, ordinal 0, 12.5 oz, active=false]; af7f4644-9031-4e78-8b2f-d62beeabac57 [Box, ordinal 0, 9 child 612e6d7e-9c48-45a3-ace7-edae47c31fb9, active=false]."
DL-011,dedupe_level,PFG,fa14310e-aaa0-4376-be09-09a39f49ddab,Arugula,242470,"[{""id"":""80d95372-5bc0-4a37-a092-0b2fac16c9e1"",""label"":""case"",""contains_qty"":64,""contains_level_id"":null,""contains_measure_unit"":""oz"",""display_ordinal"":0,""active"":true},{""id"":""5af99ad2-1ca5-4e29-9165-f761f6015160"",""label"":""case"",""contains_qty"":48,""contains_level_id"":null,""contains_measure_unit"":""oz"",""display_ordinal"":0,""active"":false},{""id"":""75bea63b-e3c5-4660-bd14-12d66b300815"",""label"":""case"",""contains_qty"":48,""contains_level_id"":null,""contains_measure_unit"":""oz"",""display_ordinal"":0,""active"":false}]","{""survivor_ids"":[""80d95372-5bc0-4a37-a092-0b2fac16c9e1""],""retire_ids"":[""5af99ad2-1ca5-4e29-9165-f761f6015160"",""75bea63b-e3c5-4660-bd14-12d66b300815""],""operation"":""no_op_already_retired""}","Active chain retained; duplicate count includes inactive history. Export 242470 2/2 LB; active total (64, 'oz'); export total (64, 'oz').",high,docs/seed/source/vendor-exports/context/catalog-prod-2026-09-19.json:3742; docs/seed/source/vendor-exports/reports/2026-09-19-catalog-join.md:230; docs/seed/source/vendor-exports/normalized/pfg-purchase-history-2026-09-18.json:1652; docs/seed/source/vendor-exports/context/catalog-prod-2026-09-19.json:4312; docs/seed/source/vendor-exports/context/catalog-prod-2026-09-19.json:4562; docs/seed/source/vendor-exports/context/catalog-prod-2026-09-19.json:4672,false,"No duplicate ACTIVE ordinal. Retire IDs already have active=false; preserve history. Historical versions conflict. Active chain reconciles to the vendor pack. Candidates: 5af99ad2-1ca5-4e29-9165-f761f6015160 [case, ordinal 0, 48 oz, active=false]; 75bea63b-e3c5-4660-bd14-12d66b300815 [case, ordinal 0, 48 oz, active=false]; 80d95372-5bc0-4a37-a092-0b2fac16c9e1 [case, ordinal 0, 64 oz, active=true]."
DL-012,dedupe_level,PFG,132c3a75-fd2f-49b7-9606-60489a250c0d,Balsamic Vin,233067,"[{""id"":""c90d1708-a5be-4c4d-9ba1-c810d7d998a5"",""label"":""case"",""contains_qty"":169.07,""contains_level_id"":null,""contains_measure_unit"":""oz"",""display_ordinal"":0,""active"":true},{""id"":""ab2540ba-9156-4c4e-8b07-621e3e117831"",""label"":""case"",""contains_qty"":169.07,""contains_level_id"":null,""contains_measure_unit"":""oz"",""display_ordinal"":0,""active"":false}]","{""survivor_ids"":[""c90d1708-a5be-4c4d-9ba1-c810d7d998a5""],""retire_ids"":[""ab2540ba-9156-4c4e-8b07-621e3e117831""],""operation"":""no_op_already_retired""}","Active chain retained; duplicate count includes inactive history. Export 233067 2/5 LT; active total (169.07, 'oz'); export total (338.14, 'oz'). Internal each is 1/2 of vendor case; no pack expansion proposed.",high,docs/seed/source/vendor-exports/context/catalog-prod-2026-09-19.json:350; docs/seed/source/vendor-exports/reports/2026-09-19-catalog-join.md:221; docs/seed/source/vendor-exports/normalized/pfg-purchase-history-2026-09-18.json:1212; docs/seed/source/vendor-exports/context/catalog-prod-2026-09-19.json:5052; docs/seed/source/vendor-exports/context/catalog-prod-2026-09-19.json:5292,false,No duplicate ACTIVE ordinal. Retire IDs already have active=false; preserve history. Historical duplicate quantities agree. 
DL-013,dedupe_level,PFG,5996f84f-5feb-4f0e-8241-9aab3b3cc6fe,Basil,23097,"[{""id"":""0e12dd73-ed27-48e5-8c03-d961e8379ffe"",""label"":""case"",""contains_qty"":23.2,""contains_level_id"":null,""contains_measure_unit"":""oz"",""display_ordinal"":0,""active"":true},{""id"":""ecb25731-bd98-4802-ac8f-ee600f89eab3"",""label"":""case"",""contains_qty"":16,""contains_level_id"":null,""contains_measure_unit"":""oz"",""display_ordinal"":0,""active"":false},{""id"":""ef547318-63fe-4833-b672-582e5e72989d"",""label"":""case"",""contains_qty"":16,""contains_level_id"":null,""contains_measure_unit"":""oz"",""display_ordinal"":0,""active"":false}]","{""survivor_source_ids"":[""ecb25731-bd98-4802-ac8f-ee600f89eab3""],""retire_ids"":[""0e12dd73-ed27-48e5-8c03-d961e8379ffe"",""ef547318-63fe-4833-b672-582e5e72989d""],""operation"":""review_whole_chain_replacement""}","Proposed replacement contents from export-matching historical source; current active IDs retained until approval. Export 23097 1/1 LB; active total (23.2, 'oz'); export total (16, 'oz').",medium,docs/seed/source/vendor-exports/context/catalog-prod-2026-09-19.json:1486; docs/seed/source/vendor-exports/reports/2026-09-19-catalog-join.md:17; docs/seed/source/vendor-exports/normalized/pfg-purchase-history-2026-09-18.json:1894; docs/seed/source/vendor-exports/context/catalog-prod-2026-09-19.json:3862; docs/seed/source/vendor-exports/context/catalog-prod-2026-09-19.json:5502; docs/seed/source/vendor-exports/context/catalog-prod-2026-09-19.json:5542,true,"No duplicate ACTIVE ordinal. Retire IDs already have active=false; preserve history. Historical versions conflict. Export-matching source ID is already inactive: never reactivate or rewire it. CC must approve a new whole-chain version using its contents; displayed retire IDs are a review manifest, not execution instructions. Identical matching historical candidates: ecb25731-bd98-4802-ac8f-ee600f89eab3, ef547318-63fe-4833-b672-582e5e72989d. Candidates: 0e12dd73-ed27-48e5-8c03-d961e8379ffe [case, ordinal 0, 23.2 oz, active=true]; ecb25731-bd98-4802-ac8f-ee600f89eab3 [case, ordinal 0, 16 oz, active=false]; ef547318-63fe-4833-b672-582e5e72989d [case, ordinal 0, 16 oz, active=false]."
DL-014,dedupe_level,PFG,ee111f0e-b50d-498a-bc2b-614e8eda199b,Butter,1051772,"[{""id"":""e0786a2c-c336-455c-b7dc-90e0bde29ca9"",""label"":""case"",""contains_qty"":16,""contains_level_id"":null,""contains_measure_unit"":""oz"",""display_ordinal"":0,""active"":true},{""id"":""17ef860f-0cb4-4f15-b878-6f8b21744f3d"",""label"":""case"",""contains_qty"":16,""contains_level_id"":null,""contains_measure_unit"":""oz"",""display_ordinal"":0,""active"":false}]","{""survivor_ids"":[""e0786a2c-c336-455c-b7dc-90e0bde29ca9""],""retire_ids"":[""17ef860f-0cb4-4f15-b878-6f8b21744f3d""],""operation"":""no_op_already_retired""}","Active chain retained; duplicate count includes inactive history. Export 1051772 36/1 LB; active total (16, 'oz'); export total (576, 'oz'). Internal each is 1/36 of vendor case; no pack expansion proposed.",high,docs/seed/source/vendor-exports/context/catalog-prod-2026-09-19.json:3566; docs/seed/source/vendor-exports/reports/2026-09-19-catalog-join.md:199; docs/seed/source/vendor-exports/normalized/pfg-purchase-history-2026-09-18.json:112; docs/seed/source/vendor-exports/context/catalog-prod-2026-09-19.json:3942; docs/seed/source/vendor-exports/context/catalog-prod-2026-09-19.json:5432,false,No duplicate ACTIVE ordinal. Retire IDs already have active=false; preserve history. Historical duplicate quantities agree. 
DL-015,dedupe_level,PFG,45f9aa24-0263-42dd-bed2-53c50e0f57c6,Celery,865009,"[{""id"":""a3223bff-b68c-4d10-9952-59d060fa64c0"",""label"":""Case"",""contains_qty"":6,""contains_level_id"":""9125c11d-3d77-47e5-96ad-e915a5c81f85"",""contains_measure_unit"":null,""display_ordinal"":0,""active"":true},{""id"":""c5dcd16b-12ac-4a48-97b0-40d69278f0c6"",""label"":""container"",""contains_qty"":96,""contains_level_id"":null,""contains_measure_unit"":""oz"",""display_ordinal"":0,""active"":false},{""id"":""f9a12c53-cb28-4d61-bc79-8832fa8fa153"",""label"":""container"",""contains_qty"":96,""contains_level_id"":null,""contains_measure_unit"":""oz"",""display_ordinal"":0,""active"":false},{""id"":""9125c11d-3d77-47e5-96ad-e915a5c81f85"",""label"":""stalk"",""contains_qty"":1,""contains_level_id"":null,""contains_measure_unit"":""each"",""display_ordinal"":1,""active"":true}]","{""survivor_ids"":[""9125c11d-3d77-47e5-96ad-e915a5c81f85"",""a3223bff-b68c-4d10-9952-59d060fa64c0""],""retire_ids"":[""c5dcd16b-12ac-4a48-97b0-40d69278f0c6"",""f9a12c53-cb28-4d61-bc79-8832fa8fa153""],""operation"":""no_op_already_retired""}","Active chain retained; duplicate count includes inactive history. Export 865009 1/6 CT; active total (6, 'each'); export total (6, 'each').",high,docs/seed/source/vendor-exports/context/catalog-prod-2026-09-19.json:1166; docs/seed/source/vendor-exports/reports/2026-09-19-catalog-join.md:294; docs/seed/source/vendor-exports/normalized/pfg-purchase-history-2026-09-18.json:1740; docs/seed/source/vendor-exports/context/catalog-prod-2026-09-19.json:4772; docs/seed/source/vendor-exports/context/catalog-prod-2026-09-19.json:5002; docs/seed/source/vendor-exports/context/catalog-prod-2026-09-19.json:5262; docs/seed/source/vendor-exports/context/catalog-prod-2026-09-19.json:5622,false,"No duplicate ACTIVE ordinal. Retire IDs already have active=false; preserve history. Historical versions conflict. Active chain reconciles to the vendor pack. Candidates: 9125c11d-3d77-47e5-96ad-e915a5c81f85 [stalk, ordinal 1, 1 each, active=true]; a3223bff-b68c-4d10-9952-59d060fa64c0 [Case, ordinal 0, 6 child 9125c11d-3d77-47e5-96ad-e915a5c81f85, active=true]; c5dcd16b-12ac-4a48-97b0-40d69278f0c6 [container, ordinal 0, 96 oz, active=false]; f9a12c53-cb28-4d61-bc79-8832fa8fa153 [container, ordinal 0, 96 oz, active=false]."
DL-016,dedupe_level,PFG,e3ee9508-8c1c-42b9-a0ce-403bbd7bcbc1,Cheddar,328716,"[{""id"":""9daee808-9af6-4595-85b2-d50ebad1612e"",""label"":""case"",""contains_qty"":16,""contains_level_id"":null,""contains_measure_unit"":""oz"",""display_ordinal"":0,""active"":true},{""id"":""2fbb6a80-f610-4e7c-bd08-10645314eb15"",""label"":""case"",""contains_qty"":16,""contains_level_id"":null,""contains_measure_unit"":""oz"",""display_ordinal"":0,""active"":false}]","{""survivor_ids"":[""9daee808-9af6-4595-85b2-d50ebad1612e""],""retire_ids"":[""2fbb6a80-f610-4e7c-bd08-10645314eb15""],""operation"":""no_op_already_retired""}","Active chain retained; duplicate count includes inactive history. Export 328716 1/10 LB; active total (16, 'oz'); export total (160, 'oz'). Internal each is 1/10 of vendor case; no pack expansion proposed.",high,docs/seed/source/vendor-exports/context/catalog-prod-2026-09-19.json:3390; docs/seed/source/vendor-exports/reports/2026-09-19-catalog-join.md:252; docs/seed/source/vendor-exports/normalized/pfg-purchase-history-2026-09-18.json:200; docs/seed/source/vendor-exports/context/catalog-prod-2026-09-19.json:4072; docs/seed/source/vendor-exports/context/catalog-prod-2026-09-19.json:4962,false,No duplicate ACTIVE ordinal. Retire IDs already have active=false; preserve history. Historical duplicate quantities agree. 
DL-017,dedupe_level,PFG,45c5840b-2353-47cc-8319-8cdc352ebe12,Chili Flake,264698,"[{""id"":""14c3848c-3310-48ee-92ca-4d9dad6356a5"",""label"":""case"",""contains_qty"":64,""contains_level_id"":null,""contains_measure_unit"":""oz"",""display_ordinal"":0,""active"":true},{""id"":""7a85d59e-224b-4165-a574-d04680c4e1b9"",""label"":""case"",""contains_qty"":64,""contains_level_id"":null,""contains_measure_unit"":""oz"",""display_ordinal"":0,""active"":false}]","{""survivor_ids"":[""14c3848c-3310-48ee-92ca-4d9dad6356a5""],""retire_ids"":[""7a85d59e-224b-4165-a574-d04680c4e1b9""],""operation"":""no_op_already_retired""}","Active chain retained; duplicate count includes inactive history. Export 264698 1/4 LB; active total (64, 'oz'); export total (64, 'oz').",high,docs/seed/source/vendor-exports/context/catalog-prod-2026-09-19.json:1150; docs/seed/source/vendor-exports/reports/2026-09-19-catalog-join.md:236; docs/seed/source/vendor-exports/normalized/pfg-purchase-history-2026-09-18.json:1102; docs/seed/source/vendor-exports/context/catalog-prod-2026-09-19.json:3892; docs/seed/source/vendor-exports/context/catalog-prod-2026-09-19.json:4622,false,No duplicate ACTIVE ordinal. Retire IDs already have active=false; preserve history. Historical duplicate quantities agree. Active chain reconciles to the vendor pack.
DL-018,dedupe_level,PFG,1c85ccb0-cdd0-4a05-971e-189b61132f8a,Chives,855552,"[{""id"":""69f18bc2-e706-445b-b224-a6715882571b"",""label"":""Each"",""contains_qty"":8,""contains_level_id"":null,""contains_measure_unit"":""oz"",""display_ordinal"":0,""active"":true},{""id"":""0964dc24-4093-473f-9927-d8954cc97487"",""label"":""case"",""contains_qty"":4,""contains_level_id"":null,""contains_measure_unit"":""oz"",""display_ordinal"":0,""active"":false},{""id"":""85e99811-54a9-41eb-96b9-06521d7129c1"",""label"":""case"",""contains_qty"":4,""contains_level_id"":null,""contains_measure_unit"":""oz"",""display_ordinal"":0,""active"":false}]","{""survivor_ids"":[""69f18bc2-e706-445b-b224-a6715882571b""],""retire_ids"":[""0964dc24-4093-473f-9927-d8954cc97487"",""85e99811-54a9-41eb-96b9-06521d7129c1""],""operation"":""no_op_already_retired""}","Active chain retained; duplicate count includes inactive history. Export 855552 1/8 OZ; active total (8, 'oz'); export total (8, 'oz').",high,docs/seed/source/vendor-exports/context/catalog-prod-2026-09-19.json:510; docs/seed/source/vendor-exports/reports/2026-09-19-catalog-join.md:291; docs/seed/source/vendor-exports/normalized/pfg-purchase-history-2026-09-18.json:1762; docs/seed/source/vendor-exports/context/catalog-prod-2026-09-19.json:3822; docs/seed/source/vendor-exports/context/catalog-prod-2026-09-19.json:4432; docs/seed/source/vendor-exports/context/catalog-prod-2026-09-19.json:4712,false,"No duplicate ACTIVE ordinal. Retire IDs already have active=false; preserve history. Historical versions conflict. Active chain reconciles to the vendor pack. Candidates: 0964dc24-4093-473f-9927-d8954cc97487 [case, ordinal 0, 4 oz, active=false]; 69f18bc2-e706-445b-b224-a6715882571b [Each, ordinal 0, 8 oz, active=true]; 85e99811-54a9-41eb-96b9-06521d7129c1 [case, ordinal 0, 4 oz, active=false]."
DL-019,dedupe_level,PFG,1724b425-250b-4d05-876b-2d6bfa6d6f35,Confectioners Sugar,913783,"[{""id"":""b79d633f-bcac-4c05-a458-688e2b3de281"",""label"":""Case"",""contains_qty"":12,""contains_level_id"":""c0593e79-a9f3-416e-b5f0-b131edd57dbc"",""contains_measure_unit"":null,""display_ordinal"":0,""active"":true},{""id"":""3f6fe24e-990c-4dbb-beee-3bc0bedfa59c"",""label"":""box"",""contains_qty"":16,""contains_level_id"":null,""contains_measure_unit"":""oz"",""display_ordinal"":0,""active"":false},{""id"":""819db767-36da-4979-af57-3751d6756a01"",""label"":""box"",""contains_qty"":16,""contains_level_id"":null,""contains_measure_unit"":""oz"",""display_ordinal"":0,""active"":false},{""id"":""c0593e79-a9f3-416e-b5f0-b131edd57dbc"",""label"":""bag"",""contains_qty"":32,""contains_level_id"":null,""contains_measure_unit"":""oz"",""display_ordinal"":1,""active"":true}]","{""survivor_ids"":[""b79d633f-bcac-4c05-a458-688e2b3de281"",""c0593e79-a9f3-416e-b5f0-b131edd57dbc""],""retire_ids"":[""3f6fe24e-990c-4dbb-beee-3bc0bedfa59c"",""819db767-36da-4979-af57-3751d6756a01""],""operation"":""no_op_already_retired""}","Active chain retained; duplicate count includes inactive history. Export 913783 12/2 LB; active total (384, 'oz'); export total (384, 'oz').",high,docs/seed/source/vendor-exports/context/catalog-prod-2026-09-19.json:478; docs/seed/source/vendor-exports/reports/2026-09-19-catalog-join.md:305; docs/seed/source/vendor-exports/normalized/pfg-list-izzy-main-2026-09-18.json:1344; docs/seed/source/vendor-exports/context/catalog-prod-2026-09-19.json:4182; docs/seed/source/vendor-exports/context/catalog-prod-2026-09-19.json:4682; docs/seed/source/vendor-exports/context/catalog-prod-2026-09-19.json:5162; docs/seed/source/vendor-exports/context/catalog-prod-2026-09-19.json:5242,false,"No duplicate ACTIVE ordinal. Retire IDs already have active=false; preserve history. Historical versions conflict. Active chain reconciles to the vendor pack. Candidates: 3f6fe24e-990c-4dbb-beee-3bc0bedfa59c [box, ordinal 0, 16 oz, active=false]; 819db767-36da-4979-af57-3751d6756a01 [box, ordinal 0, 16 oz, active=false]; b79d633f-bcac-4c05-a458-688e2b3de281 [Case, ordinal 0, 12 child c0593e79-a9f3-416e-b5f0-b131edd57dbc, active=true]; c0593e79-a9f3-416e-b5f0-b131edd57dbc [bag, ordinal 1, 32 oz, active=true]."
DL-020,dedupe_level,PFG,11d14e78-bdce-4aa9-8602-2e7a7e09e4f3,Cucumber,23280,"[{""id"":""9045832a-20c1-4c9e-9c18-94cebd9984e2"",""label"":""Case"",""contains_qty"":12,""contains_level_id"":""ab6b8ad2-80de-49de-bd7e-6c8b5e88ba4d"",""contains_measure_unit"":null,""display_ordinal"":0,""active"":true},{""id"":""003f788d-9583-4157-b613-27a2b5ccd299"",""label"":""container"",""contains_qty"":158,""contains_level_id"":null,""contains_measure_unit"":""oz"",""display_ordinal"":0,""active"":false},{""id"":""7c10b671-33af-4bda-84f7-97a79b635b04"",""label"":""container"",""contains_qty"":158,""contains_level_id"":null,""contains_measure_unit"":""oz"",""display_ordinal"":0,""active"":false},{""id"":""ab6b8ad2-80de-49de-bd7e-6c8b5e88ba4d"",""label"":""cucumber"",""contains_qty"":1,""contains_level_id"":null,""contains_measure_unit"":""each"",""display_ordinal"":1,""active"":true}]","{""survivor_ids"":[""9045832a-20c1-4c9e-9c18-94cebd9984e2"",""ab6b8ad2-80de-49de-bd7e-6c8b5e88ba4d""],""retire_ids"":[""003f788d-9583-4157-b613-27a2b5ccd299"",""7c10b671-33af-4bda-84f7-97a79b635b04""],""operation"":""no_op_already_retired""}","Active chain retained; duplicate count includes inactive history. Export 23280 1/12 CT; active total (12, 'each'); export total (12, 'each').",high,docs/seed/source/vendor-exports/context/catalog-prod-2026-09-19.json:318; docs/seed/source/vendor-exports/reports/2026-09-19-catalog-join.md:220; docs/seed/source/vendor-exports/normalized/pfg-purchase-history-2026-09-18.json:1784; docs/seed/source/vendor-exports/context/catalog-prod-2026-09-19.json:3792; docs/seed/source/vendor-exports/context/catalog-prod-2026-09-19.json:4632; docs/seed/source/vendor-exports/context/catalog-prod-2026-09-19.json:4762; docs/seed/source/vendor-exports/context/catalog-prod-2026-09-19.json:5062,false,"No duplicate ACTIVE ordinal. Retire IDs already have active=false; preserve history. Historical versions conflict. Active chain reconciles to the vendor pack. Candidates: 003f788d-9583-4157-b613-27a2b5ccd299 [container, ordinal 0, 158 oz, active=false]; 7c10b671-33af-4bda-84f7-97a79b635b04 [container, ordinal 0, 158 oz, active=false]; 9045832a-20c1-4c9e-9c18-94cebd9984e2 [Case, ordinal 0, 12 child ab6b8ad2-80de-49de-bd7e-6c8b5e88ba4d, active=true]; ab6b8ad2-80de-49de-bd7e-6c8b5e88ba4d [cucumber, ordinal 1, 1 each, active=true]."
DL-021,dedupe_level,PFG,5c589b38-6431-4a45-b8b7-924125c05aa6,Duke's Mayo,32118,"[{""id"":""e493c6a9-6d35-415c-83b9-59c8755f3da1"",""label"":""case"",""contains_qty"":128,""contains_level_id"":null,""contains_measure_unit"":""oz"",""display_ordinal"":0,""active"":true},{""id"":""0bf98fff-66bf-42b0-8451-b8f0895ce2cc"",""label"":""case"",""contains_qty"":128,""contains_level_id"":null,""contains_measure_unit"":""oz"",""display_ordinal"":0,""active"":false}]","{""survivor_ids"":[""e493c6a9-6d35-415c-83b9-59c8755f3da1""],""retire_ids"":[""0bf98fff-66bf-42b0-8451-b8f0895ce2cc""],""operation"":""no_op_already_retired""}","Active chain retained; duplicate count includes inactive history. Export 32118 4/1 GA; active total (128, 'oz'); export total (512, 'oz'). Internal each is 1/4 of vendor case; no pack expansion proposed.",high,docs/seed/source/vendor-exports/context/catalog-prod-2026-09-19.json:1550; docs/seed/source/vendor-exports/reports/2026-09-19-catalog-join.md:249; docs/seed/source/vendor-exports/normalized/pfg-purchase-history-2026-09-18.json:926; docs/seed/source/vendor-exports/context/catalog-prod-2026-09-19.json:3832; docs/seed/source/vendor-exports/context/catalog-prod-2026-09-19.json:5462,false,No duplicate ACTIVE ordinal. Retire IDs already have active=false; preserve history. Historical duplicate quantities agree. 
DL-022,dedupe_level,PFG,d6c913a4-888b-4d2d-a151-9a15c9dd69c4,Eggs (cooked),439686,"[{""id"":""975cdd4f-d648-4308-87e4-230d1d1694a6"",""label"":""Case"",""contains_qty"":12,""contains_level_id"":""25b45eb0-a5be-451d-9ec7-7b3aa955ddc7"",""contains_measure_unit"":null,""display_ordinal"":0,""active"":true},{""id"":""bae4d328-613f-4588-b483-dda1bcac25eb"",""label"":""case"",""contains_qty"":180,""contains_level_id"":null,""contains_measure_unit"":""oz"",""display_ordinal"":0,""active"":false},{""id"":""f1687a93-26c2-4996-ac51-5e05d7c0fa49"",""label"":""case"",""contains_qty"":180,""contains_level_id"":null,""contains_measure_unit"":""oz"",""display_ordinal"":0,""active"":false},{""id"":""25b45eb0-a5be-451d-9ec7-7b3aa955ddc7"",""label"":""bag"",""contains_qty"":12,""contains_level_id"":null,""contains_measure_unit"":""each"",""display_ordinal"":1,""active"":true}]","{""survivor_ids"":[""25b45eb0-a5be-451d-9ec7-7b3aa955ddc7"",""975cdd4f-d648-4308-87e4-230d1d1694a6""],""retire_ids"":[""bae4d328-613f-4588-b483-dda1bcac25eb"",""f1687a93-26c2-4996-ac51-5e05d7c0fa49""],""operation"":""no_op_already_retired""}","Active chain retained; duplicate count includes inactive history. Export 439686 12/12 CT; active total (144, 'each'); export total (144, 'each').",high,docs/seed/source/vendor-exports/context/catalog-prod-2026-09-19.json:3262; docs/seed/source/vendor-exports/reports/2026-09-19-catalog-join.md:262; docs/seed/source/vendor-exports/normalized/pfg-purchase-history-2026-09-18.json:244; docs/seed/source/vendor-exports/context/catalog-prod-2026-09-19.json:4002; docs/seed/source/vendor-exports/context/catalog-prod-2026-09-19.json:4902; docs/seed/source/vendor-exports/context/catalog-prod-2026-09-19.json:5212; docs/seed/source/vendor-exports/context/catalog-prod-2026-09-19.json:5582,false,"No duplicate ACTIVE ordinal. Retire IDs already have active=false; preserve history. Historical versions conflict. Active chain reconciles to the vendor pack. Candidates: 25b45eb0-a5be-451d-9ec7-7b3aa955ddc7 [bag, ordinal 1, 12 each, active=true]; 975cdd4f-d648-4308-87e4-230d1d1694a6 [Case, ordinal 0, 12 child 25b45eb0-a5be-451d-9ec7-7b3aa955ddc7, active=true]; bae4d328-613f-4588-b483-dda1bcac25eb [case, ordinal 0, 180 oz, active=false]; f1687a93-26c2-4996-ac51-5e05d7c0fa49 [case, ordinal 0, 180 oz, active=false]."
DL-023,dedupe_level,PFG,d4b03398-d04f-4551-8c3b-517aac7b910b,Garlic,283987,"[{""id"":""929730cf-b284-444b-bbfd-661717f24d17"",""label"":""case"",""contains_qty"":95.94,""contains_level_id"":null,""contains_measure_unit"":""oz"",""display_ordinal"":0,""active"":true},{""id"":""50020975-4416-4877-8130-86f94ee1da10"",""label"":""case"",""contains_qty"":80,""contains_level_id"":null,""contains_measure_unit"":""oz"",""display_ordinal"":0,""active"":false},{""id"":""5cb73ed0-b59a-43cd-b124-5cde67ec7008"",""label"":""case"",""contains_qty"":80,""contains_level_id"":null,""contains_measure_unit"":""oz"",""display_ordinal"":0,""active"":false}]","{""survivor_source_ids"":[""50020975-4416-4877-8130-86f94ee1da10""],""retire_ids"":[""5cb73ed0-b59a-43cd-b124-5cde67ec7008"",""929730cf-b284-444b-bbfd-661717f24d17""],""operation"":""review_whole_chain_replacement""}","Proposed replacement contents from export-matching historical source; current active IDs retained until approval. Export 283987 1/5 LB; active total (95.94, 'oz'); export total (80, 'oz').",medium,docs/seed/source/vendor-exports/context/catalog-prod-2026-09-19.json:3198; docs/seed/source/vendor-exports/reports/2026-09-19-catalog-join.md:243; docs/seed/source/vendor-exports/normalized/pfg-purchase-history-2026-09-18.json:1806; docs/seed/source/vendor-exports/context/catalog-prod-2026-09-19.json:4252; docs/seed/source/vendor-exports/context/catalog-prod-2026-09-19.json:4332; docs/seed/source/vendor-exports/context/catalog-prod-2026-09-19.json:4812,true,"No duplicate ACTIVE ordinal. Retire IDs already have active=false; preserve history. Historical versions conflict. Export-matching source ID is already inactive: never reactivate or rewire it. CC must approve a new whole-chain version using its contents; displayed retire IDs are a review manifest, not execution instructions. Identical matching historical candidates: 50020975-4416-4877-8130-86f94ee1da10, 5cb73ed0-b59a-43cd-b124-5cde67ec7008. Candidates: 50020975-4416-4877-8130-86f94ee1da10 [case, ordinal 0, 80 oz, active=false]; 5cb73ed0-b59a-43cd-b124-5cde67ec7008 [case, ordinal 0, 80 oz, active=false]; 929730cf-b284-444b-bbfd-661717f24d17 [case, ordinal 0, 95.94 oz, active=true]."
DL-024,dedupe_level,PFG,3430a53e-30b2-4b54-9f18-b10409fac129,Grapeseed Oil,61548,"[{""id"":""13d09ae5-02b8-4d9f-acbe-4885f0a63322"",""label"":""Case"",""contains_qty"":2,""contains_level_id"":""1a4d5361-3474-491a-8752-525d472e117d"",""contains_measure_unit"":null,""display_ordinal"":0,""active"":true},{""id"":""326f1d4a-6011-43aa-a8b7-4a138fda5693"",""label"":""case"",""contains_qty"":101,""contains_level_id"":null,""contains_measure_unit"":""oz"",""display_ordinal"":0,""active"":false},{""id"":""9208db33-24b6-406e-b2cb-16c73b56ece5"",""label"":""case"",""contains_qty"":101,""contains_level_id"":null,""contains_measure_unit"":""oz"",""display_ordinal"":0,""active"":false},{""id"":""1a4d5361-3474-491a-8752-525d472e117d"",""label"":""jug"",""contains_qty"":169.07,""contains_level_id"":null,""contains_measure_unit"":""oz"",""display_ordinal"":1,""active"":true}]","{""survivor_ids"":[""13d09ae5-02b8-4d9f-acbe-4885f0a63322"",""1a4d5361-3474-491a-8752-525d472e117d""],""retire_ids"":[""326f1d4a-6011-43aa-a8b7-4a138fda5693"",""9208db33-24b6-406e-b2cb-16c73b56ece5""],""operation"":""no_op_already_retired""}","Active chain retained; duplicate count includes inactive history. Export 61548 2/5 LT; active total (338.14, 'oz'); export total (338.14, 'oz').",high,docs/seed/source/vendor-exports/context/catalog-prod-2026-09-19.json:942; docs/seed/source/vendor-exports/reports/2026-09-19-catalog-join.md:278; docs/seed/source/vendor-exports/normalized/pfg-purchase-history-2026-09-18.json:1146; docs/seed/source/vendor-exports/context/catalog-prod-2026-09-19.json:3882; docs/seed/source/vendor-exports/context/catalog-prod-2026-09-19.json:3952; docs/seed/source/vendor-exports/context/catalog-prod-2026-09-19.json:4102; docs/seed/source/vendor-exports/context/catalog-prod-2026-09-19.json:4802,false,"No duplicate ACTIVE ordinal. Retire IDs already have active=false; preserve history. Historical versions conflict. Active chain reconciles to the vendor pack. Candidates: 13d09ae5-02b8-4d9f-acbe-4885f0a63322 [Case, ordinal 0, 2 child 1a4d5361-3474-491a-8752-525d472e117d, active=true]; 1a4d5361-3474-491a-8752-525d472e117d [jug, ordinal 1, 169.07 oz, active=true]; 326f1d4a-6011-43aa-a8b7-4a138fda5693 [case, ordinal 0, 101 oz, active=false]; 9208db33-24b6-406e-b2cb-16c73b56ece5 [case, ordinal 0, 101 oz, active=false]."
DL-025,dedupe_level,PFG,05d75891-7fff-436f-ba31-8d4b0689bc9f,Ground Beef,284013,"[{""id"":""3304e434-1f5b-4665-b8ea-4744cb99cc3e"",""label"":""container"",""contains_qty"":160,""contains_level_id"":null,""contains_measure_unit"":""oz"",""display_ordinal"":0,""active"":true},{""id"":""dd004410-0a62-4853-a65c-30e4b90d3bb5"",""label"":""container"",""contains_qty"":160,""contains_level_id"":null,""contains_measure_unit"":""oz"",""display_ordinal"":0,""active"":false}]","{""survivor_ids"":[""3304e434-1f5b-4665-b8ea-4744cb99cc3e""],""retire_ids"":[""dd004410-0a62-4853-a65c-30e4b90d3bb5""],""operation"":""no_op_already_retired""}","Active chain retained; duplicate count includes inactive history. Export 284013 2/5 LB; active total (160, 'oz'); export total (160, 'oz').",high,docs/seed/source/vendor-exports/context/catalog-prod-2026-09-19.json:254; docs/seed/source/vendor-exports/reports/2026-09-19-catalog-join.md:244; docs/seed/source/vendor-exports/normalized/pfg-purchase-history-2026-09-18.json:1542; docs/seed/source/vendor-exports/context/catalog-prod-2026-09-19.json:4112; docs/seed/source/vendor-exports/context/catalog-prod-2026-09-19.json:5402,false,No duplicate ACTIVE ordinal. Retire IDs already have active=false; preserve history. Historical duplicate quantities agree. Active chain reconciles to the vendor pack.
DL-026,dedupe_level,PFG,90e58245-582e-467d-8453-ee5a9dc0c703,Ground Pork,474569,"[{""id"":""7a0c51fd-69b7-414a-8080-93107543a362"",""label"":""container"",""contains_qty"":80,""contains_level_id"":null,""contains_measure_unit"":""oz"",""display_ordinal"":0,""active"":true},{""id"":""9456d057-ce9d-4973-86bc-3a6798e2ff26"",""label"":""container"",""contains_qty"":80,""contains_level_id"":null,""contains_measure_unit"":""oz"",""display_ordinal"":0,""active"":false}]","{""survivor_ids"":[""7a0c51fd-69b7-414a-8080-93107543a362""],""retire_ids"":[""9456d057-ce9d-4973-86bc-3a6798e2ff26""],""operation"":""no_op_already_retired""}","Active chain retained; duplicate count includes inactive history. Export 474569 2/5 LB; active total (80, 'oz'); export total (160, 'oz'). Internal each is 1/2 of vendor case; no pack expansion proposed.",high,docs/seed/source/vendor-exports/context/catalog-prod-2026-09-19.json:2302; docs/seed/source/vendor-exports/reports/2026-09-19-catalog-join.md:265; docs/seed/source/vendor-exports/normalized/pfg-purchase-history-2026-09-18.json:1586; docs/seed/source/vendor-exports/context/catalog-prod-2026-09-19.json:4612; docs/seed/source/vendor-exports/context/catalog-prod-2026-09-19.json:4842,false,No duplicate ACTIVE ordinal. Retire IDs already have active=false; preserve history. Historical duplicate quantities agree. 
DL-027,dedupe_level,PFG,017a0f25-2ac1-4eb8-89f2-83a18d29889e,Heavy Cream,199406,"[{""id"":""76c0071c-37e8-4a61-9adb-4aa5d301c76b"",""label"":""container"",""contains_qty"":384,""contains_level_id"":null,""contains_measure_unit"":""oz"",""display_ordinal"":0,""active"":true},{""id"":""30c0523d-2a3a-451d-a810-408cffb75afa"",""label"":""container"",""contains_qty"":384,""contains_level_id"":null,""contains_measure_unit"":""oz"",""display_ordinal"":0,""active"":false}]","{""survivor_ids"":[""76c0071c-37e8-4a61-9adb-4aa5d301c76b""],""retire_ids"":[""30c0523d-2a3a-451d-a810-408cffb75afa""],""operation"":""no_op_already_retired""}","Active chain retained; duplicate count includes inactive history. Export 199406 12/32 OZ; active total (384, 'oz'); export total (384, 'oz').",high,docs/seed/source/vendor-exports/context/catalog-prod-2026-09-19.json:142; docs/seed/source/vendor-exports/reports/2026-09-19-catalog-join.md:49; docs/seed/source/vendor-exports/normalized/pfg-purchase-history-2026-09-18.json:156; docs/seed/source/vendor-exports/context/catalog-prod-2026-09-19.json:4082; docs/seed/source/vendor-exports/context/catalog-prod-2026-09-19.json:4592,false,No duplicate ACTIVE ordinal. Retire IDs already have active=false; preserve history. Historical duplicate quantities agree. Active chain reconciles to the vendor pack.
DL-028,dedupe_level,PFG,1509fd6a-6092-4500-9323-2bb897d9e6e0,Honey,1014474,"[{""id"":""ded3750c-373e-43d4-a880-b52444144d9b"",""label"":""case"",""contains_qty"":80,""contains_level_id"":null,""contains_measure_unit"":""oz"",""display_ordinal"":0,""active"":true},{""id"":""b2fbce82-434d-4c4f-b6dd-c4c4f1b45528"",""label"":""case"",""contains_qty"":80,""contains_level_id"":null,""contains_measure_unit"":""oz"",""display_ordinal"":0,""active"":false}]","{""survivor_ids"":[""ded3750c-373e-43d4-a880-b52444144d9b""],""retire_ids"":[""b2fbce82-434d-4c4f-b6dd-c4c4f1b45528""],""operation"":""no_op_already_retired""}","Active chain retained; duplicate count includes inactive history. Export 1014474 1/5 LB; active total (80, 'oz'); export total (80, 'oz').",high,docs/seed/source/vendor-exports/context/catalog-prod-2026-09-19.json:398; docs/seed/source/vendor-exports/reports/2026-09-19-catalog-join.md:146; docs/seed/source/vendor-exports/normalized/pfg-purchase-history-2026-09-18.json:970; docs/seed/source/vendor-exports/context/catalog-prod-2026-09-19.json:5132; docs/seed/source/vendor-exports/context/catalog-prod-2026-09-19.json:5412,false,No duplicate ACTIVE ordinal. Retire IDs already have active=false; preserve history. Historical duplicate quantities agree. Active chain reconciles to the vendor pack.
DL-029,dedupe_level,PFG,6f412776-bd4a-4eb7-8458-472e90e8167b,Horseradish,490122,"[{""id"":""34489889-c7ee-4877-ab65-58fda6959af4"",""label"":""case"",""contains_qty"":128,""contains_level_id"":null,""contains_measure_unit"":""oz"",""display_ordinal"":0,""active"":true},{""id"":""ebef77f9-7c7f-4bb7-8d24-603003b52766"",""label"":""case"",""contains_qty"":128,""contains_level_id"":null,""contains_measure_unit"":""oz"",""display_ordinal"":0,""active"":false}]","{""survivor_ids"":[""34489889-c7ee-4877-ab65-58fda6959af4""],""retire_ids"":[""ebef77f9-7c7f-4bb7-8d24-603003b52766""],""operation"":""no_op_already_retired""}","Active chain retained; duplicate count includes inactive history. Export 490122 1/8 LB; active total (128, 'oz'); export total (128, 'oz').",high,docs/seed/source/vendor-exports/context/catalog-prod-2026-09-19.json:1806; docs/seed/source/vendor-exports/reports/2026-09-19-catalog-join.md:267; docs/seed/source/vendor-exports/normalized/pfg-purchase-history-2026-09-18.json:1520; docs/seed/source/vendor-exports/context/catalog-prod-2026-09-19.json:4122; docs/seed/source/vendor-exports/context/catalog-prod-2026-09-19.json:5492,false,No duplicate ACTIVE ordinal. Retire IDs already have active=false; preserve history. Historical duplicate quantities agree. Active chain reconciles to the vendor pack.
DL-030,dedupe_level,PFG,d88500d9-ae59-4807-ac3d-5542f35ca4f3,Iceberg,ICE1/5326426,"[{""id"":""4e53a924-85d1-4ccb-ae64-0b0f56016ed8"",""label"":""Case"",""contains_qty"":24,""contains_level_id"":""3bbbead5-26e4-4d99-8f7c-baca4975281a"",""contains_measure_unit"":null,""display_ordinal"":0,""active"":true},{""id"":""a282d5a7-3cef-4c5f-bd1c-78f7857cb4fd"",""label"":""case"",""contains_qty"":640,""contains_level_id"":null,""contains_measure_unit"":""oz"",""display_ordinal"":0,""active"":false},{""id"":""c665faa6-0e20-4c40-86fa-676ac634b359"",""label"":""case"",""contains_qty"":640,""contains_level_id"":null,""contains_measure_unit"":""oz"",""display_ordinal"":0,""active"":false},{""id"":""3bbbead5-26e4-4d99-8f7c-baca4975281a"",""label"":""head"",""contains_qty"":1,""contains_level_id"":null,""contains_measure_unit"":""each"",""display_ordinal"":1,""active"":true}]","{""survivor_ids"":[""3bbbead5-26e4-4d99-8f7c-baca4975281a"",""4e53a924-85d1-4ccb-ae64-0b0f56016ed8""],""retire_ids"":[""a282d5a7-3cef-4c5f-bd1c-78f7857cb4fd"",""c665faa6-0e20-4c40-86fa-676ac634b359""],""operation"":""no_op_already_retired""}",Active chain retained; duplicate count includes inactive history.,low,docs/seed/source/vendor-exports/context/catalog-prod-2026-09-19.json:3278; docs/seed/source/vendor-exports/reports/2026-09-19-catalog-join.md:317; docs/seed/source/vendor-exports/context/catalog-prod-2026-09-19.json:4172; docs/seed/source/vendor-exports/context/catalog-prod-2026-09-19.json:4242; docs/seed/source/vendor-exports/context/catalog-prod-2026-09-19.json:4982; docs/seed/source/vendor-exports/context/catalog-prod-2026-09-19.json:5272,true,"No duplicate ACTIVE ordinal. Retire IDs already have active=false; preserve history. Historical versions conflict. No matching vendor export pack; candidates retained in current. Floor confirmation required. Candidates: 3bbbead5-26e4-4d99-8f7c-baca4975281a [head, ordinal 1, 1 each, active=true]; 4e53a924-85d1-4ccb-ae64-0b0f56016ed8 [Case, ordinal 0, 24 child 3bbbead5-26e4-4d99-8f7c-baca4975281a, active=true]; a282d5a7-3cef-4c5f-bd1c-78f7857cb4fd [case, ordinal 0, 640 oz, active=false]; c665faa6-0e20-4c40-86fa-676ac634b359 [case, ordinal 0, 640 oz, active=false]."
DL-031,dedupe_level,PFG,6004d43b-f624-4884-bdb2-5e195ebc6c87,Lemon Juice,495063,"[{""id"":""5213b02b-7199-489d-8569-738a94e502b6"",""label"":""Case"",""contains_qty"":6,""contains_level_id"":""2ab9fdea-bed8-4a69-91f9-c11b40cd4246"",""contains_measure_unit"":null,""display_ordinal"":0,""active"":true},{""id"":""6e6683a7-9920-411f-a78d-5f9302f2d8f7"",""label"":""case"",""contains_qty"":202.86,""contains_level_id"":null,""contains_measure_unit"":""oz"",""display_ordinal"":0,""active"":false},{""id"":""e718b290-bac4-4ca5-933b-7f61b172a082"",""label"":""case"",""contains_qty"":202.86,""contains_level_id"":null,""contains_measure_unit"":""oz"",""display_ordinal"":0,""active"":false},{""id"":""2ab9fdea-bed8-4a69-91f9-c11b40cd4246"",""label"":""bottle"",""contains_qty"":32,""contains_level_id"":null,""contains_measure_unit"":""oz"",""display_ordinal"":1,""active"":true}]","{""survivor_ids"":[""2ab9fdea-bed8-4a69-91f9-c11b40cd4246"",""5213b02b-7199-489d-8569-738a94e502b6""],""retire_ids"":[""6e6683a7-9920-411f-a78d-5f9302f2d8f7"",""e718b290-bac4-4ca5-933b-7f61b172a082""],""operation"":""no_op_already_retired""}","Active chain retained; duplicate count includes inactive history. Export 495063 12/1 LT; active total (192, 'oz'); export total (405.76800000000003, 'oz').",low,docs/seed/source/vendor-exports/context/catalog-prod-2026-09-19.json:1598; docs/seed/source/vendor-exports/reports/2026-09-19-catalog-join.md:268; docs/seed/source/vendor-exports/normalized/pfg-purchase-history-2026-09-18.json:90; docs/seed/source/vendor-exports/context/catalog-prod-2026-09-19.json:4022; docs/seed/source/vendor-exports/context/catalog-prod-2026-09-19.json:4282; docs/seed/source/vendor-exports/context/catalog-prod-2026-09-19.json:4492; docs/seed/source/vendor-exports/context/catalog-prod-2026-09-19.json:5472,true,"No duplicate ACTIVE ordinal. Retire IDs already have active=false; preserve history. Historical versions conflict. Neither version is proven to reconcile at the internal purchase denominator; both candidates are in current. Hold any pack write. Candidates: 2ab9fdea-bed8-4a69-91f9-c11b40cd4246 [bottle, ordinal 1, 32 oz, active=true]; 5213b02b-7199-489d-8569-738a94e502b6 [Case, ordinal 0, 6 child 2ab9fdea-bed8-4a69-91f9-c11b40cd4246, active=true]; 6e6683a7-9920-411f-a78d-5f9302f2d8f7 [case, ordinal 0, 202.86 oz, active=false]; e718b290-bac4-4ca5-933b-7f61b172a082 [case, ordinal 0, 202.86 oz, active=false]."
DL-032,dedupe_level,PFG,dbff905e-1086-43f5-bc07-f05bcadd0eb6,Mustard (Dijon),800233,"[{""id"":""f006928a-b556-4635-9f5a-6bbaebe1b0b7"",""label"":""Case"",""contains_qty"":152,""contains_level_id"":null,""contains_measure_unit"":""oz"",""display_ordinal"":0,""active"":true},{""id"":""cd87a9a8-af58-4b6b-9bcf-0165958dd907"",""label"":""case"",""contains_qty"":176,""contains_level_id"":null,""contains_measure_unit"":""oz"",""display_ordinal"":0,""active"":false},{""id"":""f3045511-dcd9-4477-b24c-d0b8c1637468"",""label"":""case"",""contains_qty"":176,""contains_level_id"":null,""contains_measure_unit"":""oz"",""display_ordinal"":0,""active"":false}]","{""survivor_ids"":[""f006928a-b556-4635-9f5a-6bbaebe1b0b7""],""retire_ids"":[""cd87a9a8-af58-4b6b-9bcf-0165958dd907"",""f3045511-dcd9-4477-b24c-d0b8c1637468""],""operation"":""no_op_already_retired""}","Active chain retained; duplicate count includes inactive history. Export 800233 1/9.5 LB; active total (152, 'oz'); export total (152.0, 'oz').",high,docs/seed/source/vendor-exports/context/catalog-prod-2026-09-19.json:3294; docs/seed/source/vendor-exports/reports/2026-09-19-catalog-join.md:284; docs/seed/source/vendor-exports/normalized/pfg-purchase-history-2026-09-18.json:992; docs/seed/source/vendor-exports/context/catalog-prod-2026-09-19.json:5312; docs/seed/source/vendor-exports/context/catalog-prod-2026-09-19.json:5562; docs/seed/source/vendor-exports/context/catalog-prod-2026-09-19.json:5592,false,"No duplicate ACTIVE ordinal. Retire IDs already have active=false; preserve history. Historical versions conflict. Active chain reconciles to the vendor pack. Candidates: cd87a9a8-af58-4b6b-9bcf-0165958dd907 [case, ordinal 0, 176 oz, active=false]; f006928a-b556-4635-9f5a-6bbaebe1b0b7 [Case, ordinal 0, 152 oz, active=true]; f3045511-dcd9-4477-b24c-d0b8c1637468 [case, ordinal 0, 176 oz, active=false]."
DL-033,dedupe_level,PFG,c8709801-3266-423a-aa3c-1e14c23f050e,Mustard (Whole),804091,"[{""id"":""090f63a9-ebd8-4365-bb9b-b91ddcadc15e"",""label"":""Case"",""contains_qty"":148.8,""contains_level_id"":null,""contains_measure_unit"":""oz"",""display_ordinal"":0,""active"":true},{""id"":""b33941b4-bbac-4fd8-a4f7-87e055ee7df5"",""label"":""case"",""contains_qty"":176,""contains_level_id"":null,""contains_measure_unit"":""oz"",""display_ordinal"":0,""active"":false},{""id"":""ebc20793-d152-408f-8e81-80d2f2863666"",""label"":""case"",""contains_qty"":176,""contains_level_id"":null,""contains_measure_unit"":""oz"",""display_ordinal"":0,""active"":false}]","{""survivor_ids"":[""090f63a9-ebd8-4365-bb9b-b91ddcadc15e""],""retire_ids"":[""b33941b4-bbac-4fd8-a4f7-87e055ee7df5"",""ebc20793-d152-408f-8e81-80d2f2863666""],""operation"":""no_op_already_retired""}","Active chain retained; duplicate count includes inactive history. Export 804091 1/9.3 LB; active total (148.8, 'oz'); export total (148.8, 'oz').",high,docs/seed/source/vendor-exports/context/catalog-prod-2026-09-19.json:3054; docs/seed/source/vendor-exports/reports/2026-09-19-catalog-join.md:285; docs/seed/source/vendor-exports/normalized/pfg-list-izzy-main-2026-09-18.json:1124; docs/seed/source/vendor-exports/context/catalog-prod-2026-09-19.json:3812; docs/seed/source/vendor-exports/context/catalog-prod-2026-09-19.json:5142; docs/seed/source/vendor-exports/context/catalog-prod-2026-09-19.json:5482,false,"No duplicate ACTIVE ordinal. Retire IDs already have active=false; preserve history. Historical versions conflict. Active chain reconciles to the vendor pack. Candidates: 090f63a9-ebd8-4365-bb9b-b91ddcadc15e [Case, ordinal 0, 148.8 oz, active=true]; b33941b4-bbac-4fd8-a4f7-87e055ee7df5 [case, ordinal 0, 176 oz, active=false]; ebc20793-d152-408f-8e81-80d2f2863666 [case, ordinal 0, 176 oz, active=false]."
DL-034,dedupe_level,PFG,56d40a78-80f0-4ec7-bb44-3ed2f81cc551,Natalie's Lemonade,1020546,"[{""id"":""0bfa46fd-36f0-4851-83bf-2c769153bbce"",""label"":""case"",""contains_qty"":6,""contains_level_id"":""31f267df-eafa-405a-94d4-253311d748fd"",""contains_measure_unit"":null,""display_ordinal"":0,""active"":true},{""id"":""806280d2-e8df-44ac-ab59-2d841f6537af"",""label"":""case"",""contains_qty"":6,""contains_level_id"":null,""contains_measure_unit"":""count"",""display_ordinal"":0,""active"":false},{""id"":""d26c50b8-c716-43dc-b89d-573ba489c31f"",""label"":""case"",""contains_qty"":6,""contains_level_id"":null,""contains_measure_unit"":""count"",""display_ordinal"":0,""active"":false},{""id"":""31f267df-eafa-405a-94d4-253311d748fd"",""label"":""bottle"",""contains_qty"":12,""contains_level_id"":null,""contains_measure_unit"":""fl oz"",""display_ordinal"":1,""active"":true}]","{""survivor_ids"":[""0bfa46fd-36f0-4851-83bf-2c769153bbce"",""31f267df-eafa-405a-94d4-253311d748fd""],""retire_ids"":[""806280d2-e8df-44ac-ab59-2d841f6537af"",""d26c50b8-c716-43dc-b89d-573ba489c31f""],""operation"":""no_op_already_retired""}","Active chain retained; duplicate count includes inactive history. Export 1020546 6/12 OZ; active total (72, 'oz'); export total (72, 'oz').",high,docs/seed/source/vendor-exports/context/catalog-prod-2026-09-19.json:1454; docs/seed/source/vendor-exports/reports/2026-09-19-catalog-join.md:198; docs/seed/source/vendor-exports/normalized/pfg-purchase-history-2026-09-18.json:24; docs/seed/source/vendor-exports/context/catalog-prod-2026-09-19.json:3842; docs/seed/source/vendor-exports/context/catalog-prod-2026-09-19.json:4092; docs/seed/source/vendor-exports/context/catalog-prod-2026-09-19.json:4662; docs/seed/source/vendor-exports/context/catalog-prod-2026-09-19.json:5362,false,"No duplicate ACTIVE ordinal. Retire IDs already have active=false; preserve history. Historical versions conflict. Active chain reconciles to the vendor pack. Candidates: 0bfa46fd-36f0-4851-83bf-2c769153bbce [case, ordinal 0, 6 child 31f267df-eafa-405a-94d4-253311d748fd, active=true]; 31f267df-eafa-405a-94d4-253311d748fd [bottle, ordinal 1, 12 fl oz, active=true]; 806280d2-e8df-44ac-ab59-2d841f6537af [case, ordinal 0, 6 count, active=false]; d26c50b8-c716-43dc-b89d-573ba489c31f [case, ordinal 0, 6 count, active=false]."
DL-035,dedupe_level,PFG,2a705f78-7ea1-409d-a15f-5f45040dac71,Old Bay,242869,"[{""id"":""9cfb6912-bc46-483f-b3af-196450b7417f"",""label"":""case"",""contains_qty"":24,""contains_level_id"":null,""contains_measure_unit"":""oz"",""display_ordinal"":0,""active"":true},{""id"":""ca7dd6d5-bda3-4fc6-bec8-49a007941298"",""label"":""case"",""contains_qty"":24,""contains_level_id"":null,""contains_measure_unit"":""oz"",""display_ordinal"":0,""active"":false}]","{""survivor_ids"":[""9cfb6912-bc46-483f-b3af-196450b7417f""],""retire_ids"":[""ca7dd6d5-bda3-4fc6-bec8-49a007941298""],""operation"":""no_op_already_retired""}","Active chain retained; duplicate count includes inactive history. Export 242869 1/24 OZ; active total (24, 'oz'); export total (24, 'oz').",high,docs/seed/source/vendor-exports/context/catalog-prod-2026-09-19.json:718; docs/seed/source/vendor-exports/reports/2026-09-19-catalog-join.md:231; docs/seed/source/vendor-exports/normalized/pfg-list-izzy-main-2026-09-18.json:1520; docs/seed/source/vendor-exports/context/catalog-prod-2026-09-19.json:4942; docs/seed/source/vendor-exports/context/catalog-prod-2026-09-19.json:5302,false,No duplicate ACTIVE ordinal. Retire IDs already have active=false; preserve history. Historical duplicate quantities agree. Active chain reconciles to the vendor pack.
DL-036,dedupe_level,PFG,b99206db-21b4-4349-b69a-aac7bd2a69df,Olive Oil,247551,"[{""id"":""f01e2251-31be-49f1-9750-a12aad6627a8"",""label"":""case"",""contains_qty"":101.43,""contains_level_id"":null,""contains_measure_unit"":""oz"",""display_ordinal"":0,""active"":true},{""id"":""756d5deb-f8f1-427c-ab65-d4e5d37fff5b"",""label"":""case"",""contains_qty"":101.43,""contains_level_id"":null,""contains_measure_unit"":""oz"",""display_ordinal"":0,""active"":false}]","{""survivor_ids"":[""f01e2251-31be-49f1-9750-a12aad6627a8""],""retire_ids"":[""756d5deb-f8f1-427c-ab65-d4e5d37fff5b""],""operation"":""no_op_already_retired""}","Active chain retained; duplicate count includes inactive history. Export 247551 3/3 LT; active total (101.43, 'oz'); export total (304.326, 'oz'). Internal each is 1/3.00035 of vendor case; no pack expansion proposed.",high,docs/seed/source/vendor-exports/context/catalog-prod-2026-09-19.json:2814; docs/seed/source/vendor-exports/reports/2026-09-19-catalog-join.md:233; docs/seed/source/vendor-exports/normalized/pfg-purchase-history-2026-09-18.json:1014; docs/seed/source/vendor-exports/context/catalog-prod-2026-09-19.json:4552; docs/seed/source/vendor-exports/context/catalog-prod-2026-09-19.json:5572,false,No duplicate ACTIVE ordinal. Retire IDs already have active=false; preserve history. Historical duplicate quantities agree. 
DL-037,dedupe_level,PFG,17422bb2-b29b-4a57-9c23-c53bd9d43403,Onion (White),898641,"[{""id"":""2c3742ba-883d-49e2-aa9a-feb63a4cda78"",""label"":""bag"",""contains_qty"":800,""contains_level_id"":null,""contains_measure_unit"":""oz"",""display_ordinal"":0,""active"":true},{""id"":""6642de96-aeac-47ee-b938-dcf6e286b399"",""label"":""bag"",""contains_qty"":800,""contains_level_id"":null,""contains_measure_unit"":""oz"",""display_ordinal"":0,""active"":false}]","{""survivor_ids"":[""2c3742ba-883d-49e2-aa9a-feb63a4cda78""],""retire_ids"":[""6642de96-aeac-47ee-b938-dcf6e286b399""],""operation"":""no_op_already_retired""}","Active chain retained; duplicate count includes inactive history. Export 898641 1/50 LB; active total (800, 'oz'); export total (800, 'oz').",high,docs/seed/source/vendor-exports/context/catalog-prod-2026-09-19.json:494; docs/seed/source/vendor-exports/reports/2026-09-19-catalog-join.md:231; docs/seed/source/vendor-exports/normalized/pfg-purchase-history-2026-09-18.json:1696; docs/seed/source/vendor-exports/context/catalog-prod-2026-09-19.json:4042; docs/seed/source/vendor-exports/context/catalog-prod-2026-09-19.json:4422,false,No duplicate ACTIVE ordinal. Retire IDs already have active=false; preserve history. Historical duplicate quantities agree. Active chain reconciles to the vendor pack.
DL-038,dedupe_level,PFG,7e826df5-a12d-4883-bd90-3e8a3b387848,Onion (red),907425,"[{""id"":""97d265b7-9ccc-461b-87ba-4fa075675e73"",""label"":""container"",""contains_qty"":160,""contains_level_id"":null,""contains_measure_unit"":""oz"",""display_ordinal"":0,""active"":true},{""id"":""3549dc03-c22a-4f0b-a0df-633d4a25bb77"",""label"":""container"",""contains_qty"":160,""contains_level_id"":null,""contains_measure_unit"":""oz"",""display_ordinal"":0,""active"":false}]","{""survivor_ids"":[""97d265b7-9ccc-461b-87ba-4fa075675e73""],""retire_ids"":[""3549dc03-c22a-4f0b-a0df-633d4a25bb77""],""operation"":""no_op_already_retired""}","Active chain retained; duplicate count includes inactive history. Export 907425 1/25 LB; active total (160, 'oz'); export total (400, 'oz').",low,docs/seed/source/vendor-exports/context/catalog-prod-2026-09-19.json:2046; docs/seed/source/vendor-exports/reports/2026-09-19-catalog-join.md:15; docs/seed/source/vendor-exports/normalized/pfg-purchase-history-2026-09-18.json:2070; docs/seed/source/vendor-exports/context/catalog-prod-2026-09-19.json:4142; docs/seed/source/vendor-exports/context/catalog-prod-2026-09-19.json:4912,false,No duplicate ACTIVE ordinal. Retire IDs already have active=false; preserve history. Historical duplicate quantities agree. No proven pack equivalence; keep the active version for CC review.
DL-039,dedupe_level,PFG,af9e5c96-027e-4300-ab2b-6f816cad821d,Onion Powder,326558,"[{""id"":""ed022457-be22-4ab7-bf24-6121239a43c6"",""label"":""jug"",""contains_qty"":80,""contains_level_id"":null,""contains_measure_unit"":""oz"",""display_ordinal"":0,""active"":true},{""id"":""9684e8d9-23a4-49cf-9f2f-8ec13410dbc6"",""label"":""case"",""contains_qty"":16,""contains_level_id"":null,""contains_measure_unit"":""oz"",""display_ordinal"":0,""active"":false},{""id"":""ba416c09-c354-4af6-80a8-e9632315aa40"",""label"":""case"",""contains_qty"":16,""contains_level_id"":null,""contains_measure_unit"":""oz"",""display_ordinal"":0,""active"":false}]","{""survivor_ids"":[""ed022457-be22-4ab7-bf24-6121239a43c6""],""retire_ids"":[""9684e8d9-23a4-49cf-9f2f-8ec13410dbc6"",""ba416c09-c354-4af6-80a8-e9632315aa40""],""operation"":""no_op_already_retired""}","Active chain retained; duplicate count includes inactive history. Export 326558 1/5 LB; active total (80, 'oz'); export total (80, 'oz').",high,docs/seed/source/vendor-exports/context/catalog-prod-2026-09-19.json:2718; docs/seed/source/vendor-exports/reports/2026-09-19-catalog-join.md:14; docs/seed/source/vendor-exports/normalized/pfg-purchase-history-2026-09-18.json:1454; docs/seed/source/vendor-exports/context/catalog-prod-2026-09-19.json:4882; docs/seed/source/vendor-exports/context/catalog-prod-2026-09-19.json:5192; docs/seed/source/vendor-exports/context/catalog-prod-2026-09-19.json:5512,false,"No duplicate ACTIVE ordinal. Retire IDs already have active=false; preserve history. Historical versions conflict. Active chain reconciles to the vendor pack. Candidates: 9684e8d9-23a4-49cf-9f2f-8ec13410dbc6 [case, ordinal 0, 16 oz, active=false]; ba416c09-c354-4af6-80a8-e9632315aa40 [case, ordinal 0, 16 oz, active=false]; ed022457-be22-4ab7-bf24-6121239a43c6 [jug, ordinal 0, 80 oz, active=true]."
DL-040,dedupe_level,PFG,508ae1c1-6648-4e87-8941-3b3a35e085b9,Oregano,261432,"[{""id"":""968fc14d-df89-42fa-9770-ae3d7d138810"",""label"":""jug"",""contains_qty"":96,""contains_level_id"":null,""contains_measure_unit"":""oz"",""display_ordinal"":0,""active"":true},{""id"":""93f2912d-2ea8-4788-90b2-7d50d311cc6d"",""label"":""jug"",""contains_qty"":80,""contains_level_id"":null,""contains_measure_unit"":""oz"",""display_ordinal"":0,""active"":false},{""id"":""ce1ccfa8-840f-4a18-8c0d-913d9a4bc313"",""label"":""case"",""contains_qty"":20,""contains_level_id"":null,""contains_measure_unit"":""oz"",""display_ordinal"":0,""active"":false},{""id"":""e12b380e-0f2c-4e5c-a6b7-8a01b1ece640"",""label"":""case"",""contains_qty"":20,""contains_level_id"":null,""contains_measure_unit"":""oz"",""display_ordinal"":0,""active"":false}]","{""survivor_source_ids"":[""93f2912d-2ea8-4788-90b2-7d50d311cc6d""],""retire_ids"":[""968fc14d-df89-42fa-9770-ae3d7d138810"",""ce1ccfa8-840f-4a18-8c0d-913d9a4bc313"",""e12b380e-0f2c-4e5c-a6b7-8a01b1ece640""],""operation"":""review_whole_chain_replacement""}","Proposed replacement contents from export-matching historical source; current active IDs retained until approval. Export 261432 1/5 LB; active total (96, 'oz'); export total (80, 'oz').",medium,docs/seed/source/vendor-exports/context/catalog-prod-2026-09-19.json:1310; docs/seed/source/vendor-exports/reports/2026-09-19-catalog-join.md:13; docs/seed/source/vendor-exports/normalized/pfg-purchase-history-2026-09-18.json:1234; docs/seed/source/vendor-exports/context/catalog-prod-2026-09-19.json:4832; docs/seed/source/vendor-exports/context/catalog-prod-2026-09-19.json:4892; docs/seed/source/vendor-exports/context/catalog-prod-2026-09-19.json:5332; docs/seed/source/vendor-exports/context/catalog-prod-2026-09-19.json:5452,true,"No duplicate ACTIVE ordinal. Retire IDs already have active=false; preserve history. Historical versions conflict. Export-matching source ID is already inactive: never reactivate or rewire it. CC must approve a new whole-chain version using its contents; displayed retire IDs are a review manifest, not execution instructions. Identical matching historical candidates: 93f2912d-2ea8-4788-90b2-7d50d311cc6d. Candidates: 93f2912d-2ea8-4788-90b2-7d50d311cc6d [jug, ordinal 0, 80 oz, active=false]; 968fc14d-df89-42fa-9770-ae3d7d138810 [jug, ordinal 0, 96 oz, active=true]; ce1ccfa8-840f-4a18-8c0d-913d9a4bc313 [case, ordinal 0, 20 oz, active=false]; e12b380e-0f2c-4e5c-a6b7-8a01b1ece640 [case, ordinal 0, 20 oz, active=false]."
DL-041,dedupe_level,PFG,56d8678f-2f55-4e33-97e4-745434375941,Panko (Japanese),32728,"[{""id"":""62cee3bd-3543-40cc-82a8-620adcfd1a59"",""label"":""case"",""contains_qty"":320,""contains_level_id"":null,""contains_measure_unit"":""oz"",""display_ordinal"":0,""active"":true},{""id"":""a294bdf8-10a6-4b04-b6bf-7136c0361a2b"",""label"":""case"",""contains_qty"":320,""contains_level_id"":null,""contains_measure_unit"":""oz"",""display_ordinal"":0,""active"":false}]","{""survivor_ids"":[""62cee3bd-3543-40cc-82a8-620adcfd1a59""],""retire_ids"":[""a294bdf8-10a6-4b04-b6bf-7136c0361a2b""],""operation"":""no_op_already_retired""}","Active chain retained; duplicate count includes inactive history. Export 32728 1/25 LB; active total (320, 'oz'); export total (400, 'oz').",low,docs/seed/source/vendor-exports/context/catalog-prod-2026-09-19.json:1470; docs/seed/source/vendor-exports/reports/2026-09-19-catalog-join.md:251; docs/seed/source/vendor-exports/normalized/pfg-purchase-history-2026-09-18.json:1058; docs/seed/source/vendor-exports/context/catalog-prod-2026-09-19.json:4392; docs/seed/source/vendor-exports/context/catalog-prod-2026-09-19.json:4992,false,No duplicate ACTIVE ordinal. Retire IDs already have active=false; preserve history. Historical duplicate quantities agree. No proven pack equivalence; keep the active version for CC review.
DL-042,dedupe_level,PFG,84bbed49-1acd-409c-ab63-bec827beb51a,Parsley,310169,"[{""id"":""81ded7d5-d695-43dc-821c-9bbd0fecc327"",""label"":""container"",""contains_qty"":22.4,""contains_level_id"":null,""contains_measure_unit"":""oz"",""display_ordinal"":0,""active"":true},{""id"":""3a9f115e-f614-4662-ad62-20f6cf574cf2"",""label"":""container"",""contains_qty"":16,""contains_level_id"":null,""contains_measure_unit"":""oz"",""display_ordinal"":0,""active"":false},{""id"":""9ce043c2-1249-4022-bcd8-fa7991427869"",""label"":""container"",""contains_qty"":16,""contains_level_id"":null,""contains_measure_unit"":""oz"",""display_ordinal"":0,""active"":false}]","{""survivor_source_ids"":[""3a9f115e-f614-4662-ad62-20f6cf574cf2""],""retire_ids"":[""81ded7d5-d695-43dc-821c-9bbd0fecc327"",""9ce043c2-1249-4022-bcd8-fa7991427869""],""operation"":""review_whole_chain_replacement""}","Proposed replacement contents from export-matching historical source; current active IDs retained until approval. Export 310169 1/1 LB; active total (22.4, 'oz'); export total (16, 'oz').",medium,docs/seed/source/vendor-exports/context/catalog-prod-2026-09-19.json:2110; docs/seed/source/vendor-exports/reports/2026-09-19-catalog-join.md:247; docs/seed/source/vendor-exports/normalized/pfg-purchase-history-2026-09-18.json:1828; docs/seed/source/vendor-exports/context/catalog-prod-2026-09-19.json:4162; docs/seed/source/vendor-exports/context/catalog-prod-2026-09-19.json:4692; docs/seed/source/vendor-exports/context/catalog-prod-2026-09-19.json:4932,true,"No duplicate ACTIVE ordinal. Retire IDs already have active=false; preserve history. Historical versions conflict. Export-matching source ID is already inactive: never reactivate or rewire it. CC must approve a new whole-chain version using its contents; displayed retire IDs are a review manifest, not execution instructions. Identical matching historical candidates: 3a9f115e-f614-4662-ad62-20f6cf574cf2, 9ce043c2-1249-4022-bcd8-fa7991427869. Candidates: 3a9f115e-f614-4662-ad62-20f6cf574cf2 [container, ordinal 0, 16 oz, active=false]; 81ded7d5-d695-43dc-821c-9bbd0fecc327 [container, ordinal 0, 22.4 oz, active=true]; 9ce043c2-1249-4022-bcd8-fa7991427869 [container, ordinal 0, 16 oz, active=false]."
DL-043,dedupe_level,PFG,541c2e67-a30f-4189-964c-8d17634b6506,Red wine vinegar,434903,"[{""id"":""bda9255f-79cc-4049-874d-f315da49fd11"",""label"":""Case"",""contains_qty"":4,""contains_level_id"":""1ea12305-bb1a-4a13-9deb-6a6eb145501f"",""contains_measure_unit"":null,""display_ordinal"":0,""active"":true},{""id"":""960d3606-07e7-43c8-b8ad-7f5e20aad1dd"",""label"":""case"",""contains_qty"":169.07,""contains_level_id"":null,""contains_measure_unit"":""oz"",""display_ordinal"":0,""active"":false},{""id"":""ad1b4bd5-0a37-4ac7-a9f6-fc342b8b4373"",""label"":""case"",""contains_qty"":169.07,""contains_level_id"":null,""contains_measure_unit"":""oz"",""display_ordinal"":0,""active"":false},{""id"":""1ea12305-bb1a-4a13-9deb-6a6eb145501f"",""label"":""jug"",""contains_qty"":128,""contains_level_id"":null,""contains_measure_unit"":""oz"",""display_ordinal"":1,""active"":true}]","{""survivor_ids"":[""1ea12305-bb1a-4a13-9deb-6a6eb145501f"",""bda9255f-79cc-4049-874d-f315da49fd11""],""retire_ids"":[""960d3606-07e7-43c8-b8ad-7f5e20aad1dd"",""ad1b4bd5-0a37-4ac7-a9f6-fc342b8b4373""],""operation"":""no_op_already_retired""}","Active chain retained; duplicate count includes inactive history. Export 434903 4/1 GA; active total (512, 'oz'); export total (512, 'oz').",high,docs/seed/source/vendor-exports/context/catalog-prod-2026-09-19.json:1374; docs/seed/source/vendor-exports/reports/2026-09-19-catalog-join.md:259; docs/seed/source/vendor-exports/normalized/pfg-purchase-history-2026-09-18.json:1278; docs/seed/source/vendor-exports/context/catalog-prod-2026-09-19.json:3972; docs/seed/source/vendor-exports/context/catalog-prod-2026-09-19.json:4872; docs/seed/source/vendor-exports/context/catalog-prod-2026-09-19.json:5102; docs/seed/source/vendor-exports/context/catalog-prod-2026-09-19.json:5232,false,"No duplicate ACTIVE ordinal. Retire IDs already have active=false; preserve history. Historical versions conflict. Active chain reconciles to the vendor pack. Candidates: 1ea12305-bb1a-4a13-9deb-6a6eb145501f [jug, ordinal 1, 128 oz, active=true]; 960d3606-07e7-43c8-b8ad-7f5e20aad1dd [case, ordinal 0, 169.07 oz, active=false]; ad1b4bd5-0a37-4ac7-a9f6-fc342b8b4373 [case, ordinal 0, 169.07 oz, active=false]; bda9255f-79cc-4049-874d-f315da49fd11 [Case, ordinal 0, 4 child 1ea12305-bb1a-4a13-9deb-6a6eb145501f, active=true]."
DL-044,dedupe_level,PFG,a55ef47b-f139-4607-a7d2-cde275e71009,Ricotta,138065,"[{""id"":""c7983ff5-8425-4794-ab82-87487f279c33"",""label"":""case"",""contains_qty"":160,""contains_level_id"":null,""contains_measure_unit"":""oz"",""display_ordinal"":0,""active"":true},{""id"":""76499c36-0b61-4fbc-828f-f1ee32be8a45"",""label"":""case"",""contains_qty"":160,""contains_level_id"":null,""contains_measure_unit"":""oz"",""display_ordinal"":0,""active"":false}]","{""survivor_ids"":[""c7983ff5-8425-4794-ab82-87487f279c33""],""retire_ids"":[""76499c36-0b61-4fbc-828f-f1ee32be8a45""],""operation"":""no_op_already_retired""}","Active chain retained; duplicate count includes inactive history. Export 138065 4/5 LB; active total (160, 'oz'); export total (320, 'oz'). Internal each is 1/2 of vendor case; no pack expansion proposed.",high,docs/seed/source/vendor-exports/context/catalog-prod-2026-09-19.json:2558; docs/seed/source/vendor-exports/reports/2026-09-19-catalog-join.md:201; docs/seed/source/vendor-exports/normalized/pfg-purchase-history-2026-09-18.json:266; docs/seed/source/vendor-exports/context/catalog-prod-2026-09-19.json:4582; docs/seed/source/vendor-exports/context/catalog-prod-2026-09-19.json:5282,false,No duplicate ACTIVE ordinal. Retire IDs already have active=false; preserve history. Historical duplicate quantities agree. 
DL-045,dedupe_level,PFG,2f3cdefe-5fac-4ce5-b11e-a01bb7ede664,Roasted Red Peppers,231908,"[{""id"":""9d947c38-ee73-4323-ac5e-709a04301c16"",""label"":""Case"",""contains_qty"":6,""contains_level_id"":""6229ba2b-2a64-4db3-a726-16d756b9083d"",""contains_measure_unit"":null,""display_ordinal"":0,""active"":true},{""id"":""26de9202-627a-4a98-b2b6-35027ba7b268"",""label"":""case"",""contains_qty"":612,""contains_level_id"":null,""contains_measure_unit"":""oz"",""display_ordinal"":0,""active"":false},{""id"":""35990d15-ceb2-4a31-b349-ddd00c9cc32b"",""label"":""case"",""contains_qty"":612,""contains_level_id"":null,""contains_measure_unit"":""oz"",""display_ordinal"":0,""active"":false},{""id"":""6229ba2b-2a64-4db3-a726-16d756b9083d"",""label"":""10# can"",""contains_qty"":1,""contains_level_id"":null,""contains_measure_unit"":""can"",""display_ordinal"":1,""active"":true}]","{""survivor_ids"":[""6229ba2b-2a64-4db3-a726-16d756b9083d"",""9d947c38-ee73-4323-ac5e-709a04301c16""],""retire_ids"":[""26de9202-627a-4a98-b2b6-35027ba7b268"",""35990d15-ceb2-4a31-b349-ddd00c9cc32b""],""operation"":""no_op_already_retired""}","Active chain retained; duplicate count includes inactive history. Export 231908 6/#10 CN; active total (6, 'can'); export total (6, 'can').",high,docs/seed/source/vendor-exports/context/catalog-prod-2026-09-19.json:830; docs/seed/source/vendor-exports/reports/2026-09-19-catalog-join.md:217; docs/seed/source/vendor-exports/normalized/pfg-purchase-history-2026-09-18.json:1322; docs/seed/source/vendor-exports/context/catalog-prod-2026-09-19.json:4012; docs/seed/source/vendor-exports/context/catalog-prod-2026-09-19.json:4152; docs/seed/source/vendor-exports/context/catalog-prod-2026-09-19.json:4382; docs/seed/source/vendor-exports/context/catalog-prod-2026-09-19.json:4952,false,"No duplicate ACTIVE ordinal. Retire IDs already have active=false; preserve history. Historical versions conflict. Active chain reconciles to the vendor pack. Candidates: 26de9202-627a-4a98-b2b6-35027ba7b268 [case, ordinal 0, 612 oz, active=false]; 35990d15-ceb2-4a31-b349-ddd00c9cc32b [case, ordinal 0, 612 oz, active=false]; 6229ba2b-2a64-4db3-a726-16d756b9083d [10# can, ordinal 1, 1 can, active=true]; 9d947c38-ee73-4323-ac5e-709a04301c16 [Case, ordinal 0, 6 child 6229ba2b-2a64-4db3-a726-16d756b9083d, active=true]."
DL-046,dedupe_level,PFG,b69d26ff-551d-4bdf-93ca-441c5c5436cf,Salt,804708,"[{""id"":""5e506ca0-ef35-4f64-b104-05c0745e4e6f"",""label"":""box"",""contains_qty"":48,""contains_level_id"":null,""contains_measure_unit"":""oz"",""display_ordinal"":0,""active"":true},{""id"":""35426ac8-dd15-4c1f-b184-aeab096da6ff"",""label"":""box"",""contains_qty"":48,""contains_level_id"":null,""contains_measure_unit"":""oz"",""display_ordinal"":0,""active"":false}]","{""survivor_ids"":[""5e506ca0-ef35-4f64-b104-05c0745e4e6f""],""retire_ids"":[""35426ac8-dd15-4c1f-b184-aeab096da6ff""],""operation"":""no_op_already_retired""}","Active chain retained; duplicate count includes inactive history. Export 804708 9/3 LB; active total (48, 'oz'); export total (432, 'oz'). Internal each is 1/9 of vendor case; no pack expansion proposed.",high,docs/seed/source/vendor-exports/context/catalog-prod-2026-09-19.json:2766; docs/seed/source/vendor-exports/reports/2026-09-19-catalog-join.md:286; docs/seed/source/vendor-exports/normalized/pfg-purchase-history-2026-09-18.json:1168; docs/seed/source/vendor-exports/context/catalog-prod-2026-09-19.json:4132; docs/seed/source/vendor-exports/context/catalog-prod-2026-09-19.json:4352,false,No duplicate ACTIVE ordinal. Retire IDs already have active=false; preserve history. Historical duplicate quantities agree. 
DL-047,dedupe_level,PFG,c6ee7005-d995-486b-89ce-c74fd2a8abe5,Shredded Mozz,1715,"[{""id"":""64c5ead6-aa70-4ecd-9f13-25482c99b9fb"",""label"":""bag"",""contains_qty"":80,""contains_level_id"":null,""contains_measure_unit"":""oz"",""display_ordinal"":0,""active"":true},{""id"":""6fa4f5d4-f536-4105-b16e-9800e237b61a"",""label"":""bag"",""contains_qty"":80,""contains_level_id"":null,""contains_measure_unit"":""oz"",""display_ordinal"":0,""active"":false}]","{""survivor_ids"":[""64c5ead6-aa70-4ecd-9f13-25482c99b9fb""],""retire_ids"":[""6fa4f5d4-f536-4105-b16e-9800e237b61a""],""operation"":""no_op_already_retired""}","Active chain retained; duplicate count includes inactive history. Export 1715 6/5 LB; active total (80, 'oz'); export total (480, 'oz'). Internal each is 1/6 of vendor case; no pack expansion proposed.",high,docs/seed/source/vendor-exports/context/catalog-prod-2026-09-19.json:3006; docs/seed/source/vendor-exports/reports/2026-09-19-catalog-join.md:204; docs/seed/source/vendor-exports/normalized/pfg-list-comp-only-opening-2026-09-18.json:860; docs/seed/source/vendor-exports/context/catalog-prod-2026-09-19.json:4402; docs/seed/source/vendor-exports/context/catalog-prod-2026-09-19.json:4512,false,No duplicate ACTIVE ordinal. Retire IDs already have active=false; preserve history. Historical duplicate quantities agree. 
DL-048,dedupe_level,PFG,55f71966-dd29-4712-aed4-987144519b30,Sour Cream,247189,"[{""id"":""aa7b3689-ab7d-4bf1-a3c6-6b39ec9dd0dc"",""label"":""case"",""contains_qty"":80,""contains_level_id"":null,""contains_measure_unit"":""oz"",""display_ordinal"":0,""active"":true},{""id"":""efbb18be-dc48-46c0-9e10-4153ce3a40da"",""label"":""case"",""contains_qty"":80,""contains_level_id"":null,""contains_measure_unit"":""oz"",""display_ordinal"":0,""active"":false}]","{""survivor_ids"":[""aa7b3689-ab7d-4bf1-a3c6-6b39ec9dd0dc""],""retire_ids"":[""efbb18be-dc48-46c0-9e10-4153ce3a40da""],""operation"":""no_op_already_retired""}","Active chain retained; duplicate count includes inactive history. Export 247189 1/5 LB; active total (80, 'oz'); export total (80, 'oz').",high,docs/seed/source/vendor-exports/context/catalog-prod-2026-09-19.json:1438; docs/seed/source/vendor-exports/reports/2026-09-19-catalog-join.md:232; docs/seed/source/vendor-exports/normalized/pfg-purchase-history-2026-09-18.json:178; docs/seed/source/vendor-exports/context/catalog-prod-2026-09-19.json:5042; docs/seed/source/vendor-exports/context/catalog-prod-2026-09-19.json:5552,false,No duplicate ACTIVE ordinal. Retire IDs already have active=false; preserve history. Historical duplicate quantities agree. Active chain reconciles to the vendor pack.
DL-049,dedupe_level,PFG,170482dc-b11f-4aa8-b10d-3ad65b202a99,Thyme,855509,"[{""id"":""17ed1a89-fdb9-4dd7-8fd8-7e93cfac1f67"",""label"":""case"",""contains_qty"":7.52,""contains_level_id"":null,""contains_measure_unit"":""oz"",""display_ordinal"":0,""active"":true},{""id"":""50095f8c-9586-4ee9-9438-488bd5183f0a"",""label"":""case"",""contains_qty"":4,""contains_level_id"":null,""contains_measure_unit"":""oz"",""display_ordinal"":0,""active"":false},{""id"":""9542cd3b-c522-4eb3-80b0-3c14fe253055"",""label"":""case"",""contains_qty"":4,""contains_level_id"":null,""contains_measure_unit"":""oz"",""display_ordinal"":0,""active"":false}]","{""survivor_source_ids"":[""50095f8c-9586-4ee9-9438-488bd5183f0a""],""retire_ids"":[""17ed1a89-fdb9-4dd7-8fd8-7e93cfac1f67"",""9542cd3b-c522-4eb3-80b0-3c14fe253055""],""operation"":""review_whole_chain_replacement""}","Proposed replacement contents from export-matching historical source; current active IDs retained until approval. Export 855509 1/4 OZ; active total (7.52, 'oz'); export total (4, 'oz').",medium,docs/seed/source/vendor-exports/context/catalog-prod-2026-09-19.json:462; docs/seed/source/vendor-exports/reports/2026-09-19-catalog-join.md:16; docs/seed/source/vendor-exports/normalized/pfg-purchase-history-2026-09-18.json:1850; docs/seed/source/vendor-exports/context/catalog-prod-2026-09-19.json:3932; docs/seed/source/vendor-exports/context/catalog-prod-2026-09-19.json:4262; docs/seed/source/vendor-exports/context/catalog-prod-2026-09-19.json:4862,true,"No duplicate ACTIVE ordinal. Retire IDs already have active=false; preserve history. Historical versions conflict. Export-matching source ID is already inactive: never reactivate or rewire it. CC must approve a new whole-chain version using its contents; displayed retire IDs are a review manifest, not execution instructions. Identical matching historical candidates: 50095f8c-9586-4ee9-9438-488bd5183f0a, 9542cd3b-c522-4eb3-80b0-3c14fe253055. Candidates: 17ed1a89-fdb9-4dd7-8fd8-7e93cfac1f67 [case, ordinal 0, 7.52 oz, active=true]; 50095f8c-9586-4ee9-9438-488bd5183f0a [case, ordinal 0, 4 oz, active=false]; 9542cd3b-c522-4eb3-80b0-3c14fe253055 [case, ordinal 0, 4 oz, active=false]."
DL-050,dedupe_level,PFG,d587fa4b-bae4-4d97-84ef-102b8b44d9a9,Tomato Paste,231869,"[{""id"":""41ae0fe6-ce9b-4db5-84e5-ba3b16c9f2c7"",""label"":""Case"",""contains_qty"":6,""contains_level_id"":""ac7eddcc-ec9a-4f73-bdaf-a9322235daa5"",""contains_measure_unit"":null,""display_ordinal"":0,""active"":true},{""id"":""5183d127-ffa8-4fa4-9a09-888455f1fac7"",""label"":""case"",""contains_qty"":111,""contains_level_id"":null,""contains_measure_unit"":""oz"",""display_ordinal"":0,""active"":false},{""id"":""7e48bb9e-d145-47c2-a8a0-1a4aa18d3a7d"",""label"":""case"",""contains_qty"":111,""contains_level_id"":null,""contains_measure_unit"":""oz"",""display_ordinal"":0,""active"":false},{""id"":""ac7eddcc-ec9a-4f73-bdaf-a9322235daa5"",""label"":""10# can"",""contains_qty"":1,""contains_level_id"":null,""contains_measure_unit"":""can"",""display_ordinal"":1,""active"":true}]","{""survivor_ids"":[""41ae0fe6-ce9b-4db5-84e5-ba3b16c9f2c7"",""ac7eddcc-ec9a-4f73-bdaf-a9322235daa5""],""retire_ids"":[""5183d127-ffa8-4fa4-9a09-888455f1fac7"",""7e48bb9e-d145-47c2-a8a0-1a4aa18d3a7d""],""operation"":""no_op_already_retired""}","Active chain retained; duplicate count includes inactive history. Export 231869 6/#10 CN; active total (6, 'can'); export total (6, 'can').",high,docs/seed/source/vendor-exports/context/catalog-prod-2026-09-19.json:3214; docs/seed/source/vendor-exports/reports/2026-09-19-catalog-join.md:216; docs/seed/source/vendor-exports/normalized/pfg-purchase-history-2026-09-18.json:1256; docs/seed/source/vendor-exports/context/catalog-prod-2026-09-19.json:4202; docs/seed/source/vendor-exports/context/catalog-prod-2026-09-19.json:4272; docs/seed/source/vendor-exports/context/catalog-prod-2026-09-19.json:4642; docs/seed/source/vendor-exports/context/catalog-prod-2026-09-19.json:5082,false,"No duplicate ACTIVE ordinal. Retire IDs already have active=false; preserve history. Historical versions conflict. Active chain reconciles to the vendor pack. Candidates: 41ae0fe6-ce9b-4db5-84e5-ba3b16c9f2c7 [Case, ordinal 0, 6 child ac7eddcc-ec9a-4f73-bdaf-a9322235daa5, active=true]; 5183d127-ffa8-4fa4-9a09-888455f1fac7 [case, ordinal 0, 111 oz, active=false]; 7e48bb9e-d145-47c2-a8a0-1a4aa18d3a7d [case, ordinal 0, 111 oz, active=false]; ac7eddcc-ec9a-4f73-bdaf-a9322235daa5 [10# can, ordinal 1, 1 can, active=true]."
DL-051,dedupe_level,PFG,9fcd86c2-77af-482e-8ccc-d07167aad795,Tomatoes,878065,"[{""id"":""4b846918-e97c-4e78-adfe-690cc9ad68ba"",""label"":""Case"",""contains_qty"":400,""contains_level_id"":null,""contains_measure_unit"":""oz"",""display_ordinal"":0,""active"":true},{""id"":""4ce88cea-d649-430b-ac6e-8cbcda5ab423"",""label"":""case"",""contains_qty"":160,""contains_level_id"":null,""contains_measure_unit"":""oz"",""display_ordinal"":0,""active"":false},{""id"":""78aba905-6926-4f25-bd86-35325d28ee72"",""label"":""case"",""contains_qty"":160,""contains_level_id"":null,""contains_measure_unit"":""oz"",""display_ordinal"":0,""active"":false}]","{""survivor_ids"":[""4b846918-e97c-4e78-adfe-690cc9ad68ba""],""retire_ids"":[""4ce88cea-d649-430b-ac6e-8cbcda5ab423"",""78aba905-6926-4f25-bd86-35325d28ee72""],""operation"":""no_op_already_retired""}","Active chain retained; duplicate count includes inactive history. Export 878065 1/25 LB; active total (400, 'oz'); export total (400, 'oz').",high,docs/seed/source/vendor-exports/context/catalog-prod-2026-09-19.json:2478; docs/seed/source/vendor-exports/reports/2026-09-19-catalog-join.md:300; docs/seed/source/vendor-exports/normalized/pfg-purchase-history-2026-09-18.json:1872; docs/seed/source/vendor-exports/context/catalog-prod-2026-09-19.json:4222; docs/seed/source/vendor-exports/context/catalog-prod-2026-09-19.json:4232; docs/seed/source/vendor-exports/context/catalog-prod-2026-09-19.json:4602,false,"No duplicate ACTIVE ordinal. Retire IDs already have active=false; preserve history. Historical versions conflict. Active chain reconciles to the vendor pack. Candidates: 4b846918-e97c-4e78-adfe-690cc9ad68ba [Case, ordinal 0, 400 oz, active=true]; 4ce88cea-d649-430b-ac6e-8cbcda5ab423 [case, ordinal 0, 160 oz, active=false]; 78aba905-6926-4f25-bd86-35325d28ee72 [case, ordinal 0, 160 oz, active=false]."
DL-052,dedupe_level,PFG,093ddb58-feb3-46c4-9c22-469aedc84f73,Tomatoes Crushed (10#),844771,"[{""id"":""bc37c52f-8d86-4e3c-93ea-3edb9caff3d1"",""label"":""Case"",""contains_qty"":6,""contains_level_id"":""650f80e2-df28-48bf-86e9-c14dedc8797a"",""contains_measure_unit"":null,""display_ordinal"":0,""active"":true},{""id"":""9e11d67e-97b9-4c4a-9344-9ddc3d139310"",""label"":""case"",""contains_qty"":1626,""contains_level_id"":null,""contains_measure_unit"":""oz"",""display_ordinal"":0,""active"":false},{""id"":""ef292b7e-88fb-4bb8-908f-8c17140c3ab2"",""label"":""case"",""contains_qty"":1626,""contains_level_id"":null,""contains_measure_unit"":""oz"",""display_ordinal"":0,""active"":false},{""id"":""650f80e2-df28-48bf-86e9-c14dedc8797a"",""label"":""10# can"",""contains_qty"":1,""contains_level_id"":null,""contains_measure_unit"":""can"",""display_ordinal"":1,""active"":true}]","{""survivor_ids"":[""650f80e2-df28-48bf-86e9-c14dedc8797a"",""bc37c52f-8d86-4e3c-93ea-3edb9caff3d1""],""retire_ids"":[""9e11d67e-97b9-4c4a-9344-9ddc3d139310"",""ef292b7e-88fb-4bb8-908f-8c17140c3ab2""],""operation"":""no_op_already_retired""}","Active chain retained; duplicate count includes inactive history. Export 844771 6/#10 CN; active total (6, 'can'); export total (6, 'can').",high,docs/seed/source/vendor-exports/context/catalog-prod-2026-09-19.json:270; docs/seed/source/vendor-exports/reports/2026-09-19-catalog-join.md:135; docs/seed/source/vendor-exports/normalized/pfg-purchase-history-2026-09-18.json:1124; docs/seed/source/vendor-exports/context/catalog-prod-2026-09-19.json:4412; docs/seed/source/vendor-exports/context/catalog-prod-2026-09-19.json:4972; docs/seed/source/vendor-exports/context/catalog-prod-2026-09-19.json:5222; docs/seed/source/vendor-exports/context/catalog-prod-2026-09-19.json:5532,false,"No duplicate ACTIVE ordinal. Retire IDs already have active=false; preserve history. Historical versions conflict. Active chain reconciles to the vendor pack. Candidates: 650f80e2-df28-48bf-86e9-c14dedc8797a [10# can, ordinal 1, 1 can, active=true]; 9e11d67e-97b9-4c4a-9344-9ddc3d139310 [case, ordinal 0, 1626 oz, active=false]; bc37c52f-8d86-4e3c-93ea-3edb9caff3d1 [Case, ordinal 0, 6 child 650f80e2-df28-48bf-86e9-c14dedc8797a, active=true]; ef292b7e-88fb-4bb8-908f-8c17140c3ab2 [case, ordinal 0, 1626 oz, active=false]."
DL-053,dedupe_level,PFG,f0e8a841-5841-4f96-a107-c74033e4cf88,Tuna,SEA2,"[{""id"":""7fef90ee-e8af-44ed-9a23-2e7ab864798e"",""label"":""container"",""contains_qty"":66.6,""contains_level_id"":null,""contains_measure_unit"":""oz"",""display_ordinal"":0,""active"":true},{""id"":""40a4c744-342c-4643-b727-4b380b631a98"",""label"":""container"",""contains_qty"":66.6,""contains_level_id"":null,""contains_measure_unit"":""oz"",""display_ordinal"":0,""active"":false}]","{""survivor_ids"":[""7fef90ee-e8af-44ed-9a23-2e7ab864798e""],""retire_ids"":[""40a4c744-342c-4643-b727-4b380b631a98""],""operation"":""no_op_already_retired""}",Active chain retained; duplicate count includes inactive history.,low,docs/seed/source/vendor-exports/context/catalog-prod-2026-09-19.json:3598; docs/seed/source/vendor-exports/reports/2026-09-19-catalog-join.md:320; docs/seed/source/vendor-exports/context/catalog-prod-2026-09-19.json:4192; docs/seed/source/vendor-exports/context/catalog-prod-2026-09-19.json:4652,false,No duplicate ACTIVE ordinal. Retire IDs already have active=false; preserve history. Historical duplicate quantities agree. No matching vendor export pack; candidates retained in current. No change proposed.
DL-054,dedupe_level,Sysco,7c161441-848f-4290-bc68-a8088e112961,Lettuce,,"[{""id"":""5873489e-17c8-49be-b709-2ae3c0d8bed1"",""label"":""box"",""contains_qty"":15,""contains_level_id"":""f6704e59-0be9-466d-9abf-ecb55893b9b1"",""contains_measure_unit"":null,""display_ordinal"":0,""active"":true},{""id"":""c43f3542-4f92-4f81-ad23-a53d2f807a2b"",""label"":""box"",""contains_qty"":15,""contains_level_id"":""a426882b-008b-48fa-b406-f4529772d29d"",""contains_measure_unit"":null,""display_ordinal"":0,""active"":false},{""id"":""f6704e59-0be9-466d-9abf-ecb55893b9b1"",""label"":""inner"",""contains_qty"":15,""contains_level_id"":null,""contains_measure_unit"":""oz"",""display_ordinal"":1,""active"":true},{""id"":""a426882b-008b-48fa-b406-f4529772d29d"",""label"":""inner"",""contains_qty"":15,""contains_level_id"":null,""contains_measure_unit"":""oz"",""display_ordinal"":1,""active"":false}]","{""survivor_ids"":[""5873489e-17c8-49be-b709-2ae3c0d8bed1"",""f6704e59-0be9-466d-9abf-ecb55893b9b1""],""retire_ids"":[""a426882b-008b-48fa-b406-f4529772d29d"",""c43f3542-4f92-4f81-ad23-a53d2f807a2b""],""operation"":""no_op_already_retired""}",Active chain retained; duplicate count includes inactive history.,low,docs/seed/source/vendor-exports/context/catalog-prod-2026-09-19.json:1982; docs/seed/source/vendor-exports/reports/2026-09-19-catalog-join.md:339; docs/seed/source/vendor-exports/context/catalog-prod-2026-09-19.json:4302; docs/seed/source/vendor-exports/context/catalog-prod-2026-09-19.json:5012; docs/seed/source/vendor-exports/context/catalog-prod-2026-09-19.json:5252; docs/seed/source/vendor-exports/context/catalog-prod-2026-09-19.json:5612,false,No duplicate ACTIVE ordinal. Retire IDs already have active=false; preserve history. Historical duplicate quantities agree. No matching vendor export pack; candidates retained in current. No change proposed.
DL-055,dedupe_level,unassigned,72d11ad5-143f-4636-b490-40fc07f4fc13,Vanilla Bean Paste,,"[{""id"":""db105a75-eea7-4b08-994e-6e4171381346"",""label"":""jar"",""contains_qty"":32,""contains_level_id"":null,""contains_measure_unit"":""oz"",""display_ordinal"":0,""active"":true},{""id"":""d49d23d7-5b6e-476a-b6da-11b3a388e700"",""label"":""jar"",""contains_qty"":32,""contains_level_id"":null,""contains_measure_unit"":""oz"",""display_ordinal"":0,""active"":false}]","{""survivor_ids"":[""db105a75-eea7-4b08-994e-6e4171381346""],""retire_ids"":[""d49d23d7-5b6e-476a-b6da-11b3a388e700""],""operation"":""no_op_already_retired""}",Active chain retained; duplicate count includes inactive history.,low,docs/seed/source/vendor-exports/context/catalog-prod-2026-09-19.json:1870; docs/seed/source/vendor-exports/reports/2026-09-19-catalog-join.md:745; docs/seed/source/vendor-exports/context/catalog-prod-2026-09-19.json:5372; docs/seed/source/vendor-exports/context/catalog-prod-2026-09-19.json:5392,false,No duplicate ACTIVE ordinal. Retire IDs already have active=false; preserve history. Historical duplicate quantities agree. No matching vendor export pack; candidates retained in current. No change proposed.
PC-001,price_conflict,Boar's Head,16a0089c-a714-422c-a3fc-6921436c88b0,Ever Roast Chicken,,"{""latest_id"":""4e053848-6be8-5b3b-a9d7-2356d104cad1"",""rows"":[{""id"":""4e053848-6be8-5b3b-a9d7-2356d104cad1"",""vendor_item_id"":""16a0089c-a714-422c-a3fc-6921436c88b0"",""unit_price"":27.77,""effective_date"":""2026-08-10"",""recorded_at"":""2026-09-10T20:54:48.653778+00:00""},{""id"":""b83a1f8e-f694-47f8-b6f4-1013f088ea10"",""vendor_item_id"":""16a0089c-a714-422c-a3fc-6921436c88b0"",""unit_price"":27.74,""effective_date"":""2026-08-10"",""recorded_at"":""2026-08-20T18:51:53.882494+00:00""}]}","{""survivor_id"":null,""operation"":""hold_unresolved"",""append"":null}",No Ever Roast receipt: no candidate can be authenticated. Both piece prices retained; do not borrow Ovengold turkey rate.,low,docs/seed/source/vendor-exports/context/catalog-prod-2026-09-19.json:430; docs/seed/source/vendor-exports/reports/2026-09-19-catalog-join.md:94; docs/seed/source/vendor-exports/context/catalog-prod-2026-09-19.json:5992; docs/seed/source/vendor-exports/context/catalog-prod-2026-09-19.json:6293,true,Append-only: every existing price row remains. Historical same-date conflicts cannot become zero through appends. No superseding row proposed without an evidence-supported winner.
PC-002,price_conflict,Boar's Head,9eced455-d0c2-4b2f-8884-4b741d4d1edf,Pepperoni,,"{""latest_id"":""d323237b-c590-5506-a82e-639b169a54c5"",""rows"":[{""id"":""d323237b-c590-5506-a82e-639b169a54c5"",""vendor_item_id"":""9eced455-d0c2-4b2f-8884-4b741d4d1edf"",""unit_price"":17.78,""effective_date"":""2026-08-10"",""recorded_at"":""2026-09-10T20:54:48.77378+00:00""},{""id"":""c7e109c0-9318-49ad-9372-cbd1ce1b2553"",""vendor_item_id"":""9eced455-d0c2-4b2f-8884-4b741d4d1edf"",""unit_price"":18.13,""effective_date"":""2026-08-10"",""recorded_at"":""2026-08-20T18:51:53.96207+00:00""}]}","{""survivor_id"":null,""operation"":""hold_unresolved"",""append"":null}",17.78 / (55.88/16) = 5.0909/lb; 18.13 / (55.9/16) = 5.1893/lb; receipt 558 bills 4.99/lb. Neither matches.,low,docs/seed/source/vendor-exports/context/catalog-prod-2026-09-19.json:2462; docs/seed/source/vendor-exports/reports/2026-09-19-catalog-join.md:83; docs/seed/source/vendor-exports/normalized/receipts-receipts-2026-09-18-batch2.json:250; docs/seed/source/vendor-exports/context/catalog-prod-2026-09-19.json:6349; docs/seed/source/vendor-exports/context/catalog-prod-2026-09-19.json:6328,true,Append-only: every existing price row remains. Historical same-date conflicts cannot become zero through appends. No superseding row proposed without an evidence-supported winner.
PC-003,price_conflict,PFG,fa14310e-aaa0-4376-be09-09a39f49ddab,Arugula,242470,"{""latest_id"":""90bd4934-afc0-54b7-a622-7f4a55019339"",""rows"":[{""id"":""90bd4934-afc0-54b7-a622-7f4a55019339"",""vendor_item_id"":""fa14310e-aaa0-4376-be09-09a39f49ddab"",""unit_price"":22.35,""effective_date"":""2026-08-14"",""recorded_at"":""2026-09-10T20:54:48.206173+00:00""},{""id"":""366fbebf-89ed-46a0-9b9d-9441529c54d0"",""vendor_item_id"":""fa14310e-aaa0-4376-be09-09a39f49ddab"",""unit_price"":20.67,""effective_date"":""2026-08-14"",""recorded_at"":""2026-08-31T06:58:56.314131+00:00""}]}","{""survivor_id"":null,""operation"":""hold_unresolved"",""append"":null}",20.67 and 22.35 versus export 19.27 for 2/2 LB: neither reconciles; do not select nearest price.,low,docs/seed/source/vendor-exports/context/catalog-prod-2026-09-19.json:3742; docs/seed/source/vendor-exports/reports/2026-09-19-catalog-join.md:230; docs/seed/source/vendor-exports/normalized/pfg-purchase-history-2026-09-18.json:1652; docs/seed/source/vendor-exports/context/catalog-prod-2026-09-19.json:6181; docs/seed/source/vendor-exports/context/catalog-prod-2026-09-19.json:5950,true,Append-only: every existing price row remains. Historical same-date conflicts cannot become zero through appends. No superseding row proposed without an evidence-supported winner.
PC-004,price_conflict,PFG,699f17e1-2bc7-4216-a906-4b9e0ecd9094,Black peppercorn,628204,"{""latest_id"":""3275440d-55d9-5d61-a087-2557158a3880"",""rows"":[{""id"":""3275440d-55d9-5d61-a087-2557158a3880"",""vendor_item_id"":""699f17e1-2bc7-4216-a906-4b9e0ecd9094"",""unit_price"":53.52,""effective_date"":""2026-08-14"",""recorded_at"":""2026-09-10T20:54:49.131347+00:00""},{""id"":""dfc8673a-f4b9-4be8-be97-6d4e5a05e1b4"",""vendor_item_id"":""699f17e1-2bc7-4216-a906-4b9e0ecd9094"",""unit_price"":51.53,""effective_date"":""2026-08-14"",""recorded_at"":""2026-08-31T06:58:56.95745+00:00""}]}","{""survivor_id"":""3275440d-55d9-5d61-a087-2557158a3880"",""operation"":""no_op_already_latest"",""append"":null}",53.52 x 1 = 53.52 for 1/5.75 LB; exact vendor case price.,high,docs/seed/source/vendor-exports/context/catalog-prod-2026-09-19.json:1758; docs/seed/source/vendor-exports/reports/2026-09-19-catalog-join.md:280; docs/seed/source/vendor-exports/normalized/pfg-purchase-history-2026-09-18.json:1366; docs/seed/source/vendor-exports/context/catalog-prod-2026-09-19.json:5929; docs/seed/source/vendor-exports/context/catalog-prod-2026-09-19.json:6398,false,Append-only: every existing price row remains. Historical same-date conflicts cannot become zero through appends. No superseding row proposed without an evidence-supported winner.
PC-005,price_conflict,PFG,bf3f655c-f8d9-4214-9df1-d0bbc3a94017,Canola Oil,589183,"{""latest_id"":""b1605bef-c6c8-5238-a17d-042eb3a9fef1"",""rows"":[{""id"":""b1605bef-c6c8-5238-a17d-042eb3a9fef1"",""vendor_item_id"":""bf3f655c-f8d9-4214-9df1-d0bbc3a94017"",""unit_price"":40.67,""effective_date"":""2026-08-14"",""recorded_at"":""2026-09-10T20:54:49.430697+00:00""},{""id"":""9045726e-77e0-45a7-a06e-c46ed4ef0b5a"",""vendor_item_id"":""bf3f655c-f8d9-4214-9df1-d0bbc3a94017"",""unit_price"":40.56,""effective_date"":""2026-08-14"",""recorded_at"":""2026-08-31T06:58:56.217052+00:00""}]}","{""survivor_id"":null,""operation"":""hold_unresolved"",""append"":null}",40.56 and 40.67 versus export 40.45 for 35 lb: neither exact; small historic price movements do not choose a survivor.,low,docs/seed/source/vendor-exports/context/catalog-prod-2026-09-19.json:2846; docs/seed/source/vendor-exports/reports/2026-09-19-catalog-join.md:276; docs/seed/source/vendor-exports/normalized/pfg-purchase-history-2026-09-18.json:1300; docs/seed/source/vendor-exports/context/catalog-prod-2026-09-19.json:6265; docs/seed/source/vendor-exports/context/catalog-prod-2026-09-19.json:6174,true,Append-only: every existing price row remains. Historical same-date conflicts cannot become zero through appends. No superseding row proposed without an evidence-supported winner.
PC-006,price_conflict,PFG,804cb32d-ea68-4467-8479-b82f34a143a0,Ham,231710,"{""latest_id"":""d7ee38bb-9800-55eb-a144-7a960fa25095"",""rows"":[{""id"":""d7ee38bb-9800-55eb-a144-7a960fa25095"",""vendor_item_id"":""804cb32d-ea68-4467-8479-b82f34a143a0"",""unit_price"":2.81,""effective_date"":""2026-08-14"",""recorded_at"":""2026-09-10T20:54:48.099731+00:00""},{""id"":""06c2b3da-6c9a-4fef-9de8-a8ae6b8f5816"",""vendor_item_id"":""804cb32d-ea68-4467-8479-b82f34a143a0"",""unit_price"":2.77,""effective_date"":""2026-08-14"",""recorded_at"":""2026-08-20T16:11:02.358744+00:00""}]}","{""survivor_id"":null,""operation"":""hold_unresolved"",""append"":null}",Neither 2.77 nor 2.81 equals current vendor $2.7263/lb. Historical date difference cannot identify a winner.,low,docs/seed/source/vendor-exports/context/catalog-prod-2026-09-19.json:2062; docs/seed/source/vendor-exports/reports/2026-09-19-catalog-join.md:215; docs/seed/source/vendor-exports/normalized/pfg-purchase-history-2026-09-18.json:1564; docs/seed/source/vendor-exports/context/catalog-prod-2026-09-19.json:6363; docs/seed/source/vendor-exports/context/catalog-prod-2026-09-19.json:5796,true,Append-only: every existing price row remains. Historical same-date conflicts cannot become zero through appends. No superseding row proposed without an evidence-supported winner.
PC-007,price_conflict,PFG,508ae1c1-6648-4e87-8941-3b3a35e085b9,Oregano,261432,"{""latest_id"":""09c36998-e98a-499c-8032-ed3da0d176ea"",""rows"":[{""id"":""09c36998-e98a-499c-8032-ed3da0d176ea"",""vendor_item_id"":""508ae1c1-6648-4e87-8941-3b3a35e085b9"",""unit_price"":4.5,""effective_date"":""2026-08-31"",""recorded_at"":""2026-08-31T22:23:40.893729+00:00""},{""id"":""cabf4412-883c-4f29-adbd-d098c82e782c"",""vendor_item_id"":""508ae1c1-6648-4e87-8941-3b3a35e085b9"",""unit_price"":55.27,""effective_date"":""2026-08-14"",""recorded_at"":""2026-08-20T18:51:54.135778+00:00""},{""id"":""ee6793bb-1d35-451b-b08a-24efde0a829f"",""vendor_item_id"":""508ae1c1-6648-4e87-8941-3b3a35e085b9"",""unit_price"":13.82,""effective_date"":""2026-08-14"",""recorded_at"":""2026-08-20T15:52:49.633192+00:00""}]}","{""survivor_id"":""cabf4412-883c-4f29-adbd-d098c82e782c"",""operation"":""append_after_pack_approval"",""append"":{""vendor_item_id"":""508ae1c1-6648-4e87-8941-3b3a35e085b9"",""unit_price"":55.27,""effective_date"":""2026-09-20"",""note"":""seed38 reviewed denominator correction; source cabf4412-883c-4f29-adbd-d098c82e782c; preserve all historical prices""}}",Exact $55.27 vendor 1/5 LB case; 13.82 x 4 = 55.28 belongs to an old 20-oz denominator. Current 96-oz jug/$4.50 is inconsistent; hold append until whole-chain repair is approved.,medium,docs/seed/source/vendor-exports/context/catalog-prod-2026-09-19.json:1310; docs/seed/source/vendor-exports/reports/2026-09-19-catalog-join.md:13; docs/seed/source/vendor-exports/normalized/pfg-purchase-history-2026-09-18.json:1234; docs/seed/source/vendor-exports/context/catalog-prod-2026-09-19.json:5817; docs/seed/source/vendor-exports/context/catalog-prod-2026-09-19.json:6335; docs/seed/source/vendor-exports/context/catalog-prod-2026-09-19.json:6468,true,"Append-only: every existing price row remains. Historical same-date conflicts cannot become zero through appends. Pack approval required before this conditional append; effective date is review date, refresh if execution is later."
PC-008,price_conflict,PFG,c6ee7005-d995-486b-89ce-c74fd2a8abe5,Shredded Mozz,1715,"{""latest_id"":""cbcc084d-5d31-5330-a719-8f843c4e9229"",""rows"":[{""id"":""cbcc084d-5d31-5330-a719-8f843c4e9229"",""vendor_item_id"":""c6ee7005-d995-486b-89ce-c74fd2a8abe5"",""unit_price"":14.11,""effective_date"":""2026-08-14"",""recorded_at"":""2026-09-10T20:54:48.311189+00:00""},{""id"":""f7c00f8d-3a43-4464-9643-20d6cc619796"",""vendor_item_id"":""c6ee7005-d995-486b-89ce-c74fd2a8abe5"",""unit_price"":14.19,""effective_date"":""2026-08-14"",""recorded_at"":""2026-08-20T15:52:48.992539+00:00""}]}","{""survivor_id"":null,""operation"":""hold_unresolved"",""append"":null}",14.11 x 6 = 84.66; 14.19 x 6 = 85.14; export 1715 case is 75.92. Neither reconciles; blend identity differs from 288533.,low,docs/seed/source/vendor-exports/context/catalog-prod-2026-09-19.json:3006; docs/seed/source/vendor-exports/reports/2026-09-19-catalog-join.md:204; docs/seed/source/vendor-exports/normalized/pfg-list-comp-only-opening-2026-09-18.json:860; docs/seed/source/vendor-exports/context/catalog-prod-2026-09-19.json:6342; docs/seed/source/vendor-exports/context/catalog-prod-2026-09-19.json:6496,true,Append-only: every existing price row remains. Historical same-date conflicts cannot become zero through appends. No superseding row proposed without an evidence-supported winner.
PB-001,price_basis,Baldor,e77eee74-faf3-41f3-92b0-5658ea2682b3,Banana Peppers,,"{""price_basis"":null,""latest_price_id"":""7f1eb084-7191-4f8b-8f62-3f477ed23c10"",""unit_price"":20,""pack_format"":""Case"",""units_per_pack"":4,""each_size"":128,""each_measure"":""oz""}",per_case,"Pack-chain implication only: purchase root case, flat 4 x 128 oz; catalog 20. No matching export/receipt price.",low,docs/seed/source/vendor-exports/context/catalog-prod-2026-09-19.json:3454; docs/seed/source/vendor-exports/reports/2026-09-19-catalog-join.md:62; docs/seed/source/vendor-exports/context/catalog-prod-2026-09-19.json:6111,false,Basis describes vendor purchasing denomination; vendor_price_history remains dollars per internal purchase root. Do not relabel or convert ledger prices merely by setting this column.
PB-002,price_basis,Baldor,15944b2d-881b-419e-bcdb-8d8c5412de5a,Ham,,"{""price_basis"":null,""latest_price_id"":""5232dc3c-7e7e-4367-9ebd-a285459ca502"",""unit_price"":2.77,""pack_format"":""case"",""units_per_pack"":1,""each_size"":16,""each_measure"":""oz""}",per_lb,No Baldor ham price evidence. Internal root 16 oz at 2.77 implies per_lb; not the PFG quote.,low,docs/seed/source/vendor-exports/context/catalog-prod-2026-09-19.json:414; docs/seed/source/vendor-exports/reports/2026-09-19-catalog-join.md:42; docs/seed/source/vendor-exports/context/catalog-prod-2026-09-19.json:6006,false,Basis describes vendor purchasing denomination; vendor_price_history remains dollars per internal purchase root. Do not relabel or convert ledger prices merely by setting this column.
PB-003,price_basis,Boar's Head,c94d6c52-9005-49db-a00a-90b4b7ef50fb,Bacon,,"{""price_basis"":null,""latest_price_id"":""8e03e1a1-6386-4c8a-af99-6baf06c86c55"",""unit_price"":70.35,""pack_format"":""case"",""units_per_pack"":1,""each_size"":240,""each_measure"":""oz""}",per_lb,Receipt/export 546 bills 4.69/lb. Catalog 70.35 per 240-oz root = 4.6900/lb; vendor rate x root pounds = 70.3500.,high,docs/seed/source/vendor-exports/context/catalog-prod-2026-09-19.json:3070; docs/seed/source/vendor-exports/reports/2026-09-19-catalog-join.md:79; docs/seed/source/vendor-exports/normalized/receipts-receipts-2026-09-18-batch2.json:122; docs/seed/source/vendor-exports/context/catalog-prod-2026-09-19.json:6153,false,Basis describes vendor purchasing denomination; vendor_price_history remains dollars per internal purchase root. Do not relabel or convert ledger prices merely by setting this column. Pounds-per-piece remain measured/estimated separately; fixed pack weight is not guaranteed for catch weight.
PB-004,price_basis,Boar's Head,f97d28a1-1320-4030-9575-d84e14db00d1,Banana Peppers,,"{""price_basis"":null,""latest_price_id"":""331a2e39-e597-583f-a827-caf8ccb8108c"",""unit_price"":35,""pack_format"":""Case"",""units_per_pack"":4,""each_size"":128,""each_measure"":""fl oz""}",per_case,"Pack-chain implication only: purchase root case, flat 4 x 128 fl oz; catalog 35. No matching export/receipt price.",low,docs/seed/source/vendor-exports/context/catalog-prod-2026-09-19.json:3726; docs/seed/source/vendor-exports/reports/2026-09-19-catalog-join.md:120; docs/seed/source/vendor-exports/context/catalog-prod-2026-09-19.json:5936,false,Basis describes vendor purchasing denomination; vendor_price_history remains dollars per internal purchase root. Do not relabel or convert ledger prices merely by setting this column.
PB-005,price_basis,Boar's Head,835e7cbc-22ab-4248-becc-428d8c3947e9,Branded (C/O) Water,,"{""price_basis"":null,""latest_price_id"":""546c401a-f59f-5bca-ab96-5691926e0dfa"",""unit_price"":12.95,""pack_format"":""Case"",""units_per_pack"":24,""each_size"":12,""each_measure"":""fl oz""}",per_case,Catalog 12.95 = 1 x receipt DM101 rate 12.95 (per case); source pack not printed.,high,docs/seed/source/vendor-exports/context/catalog-prod-2026-09-19.json:2094; docs/seed/source/vendor-exports/reports/2026-09-19-catalog-join.md:92; docs/seed/source/vendor-exports/normalized/receipts-receipts-2026-09-18-batch2.json:526; docs/seed/source/vendor-exports/context/catalog-prod-2026-09-19.json:6027,false,Basis describes vendor purchasing denomination; vendor_price_history remains dollars per internal purchase root. Do not relabel or convert ledger prices merely by setting this column.
PB-006,price_basis,Boar's Head,e886552d-ba06-4932-9f38-1580aea0beee,Capicola,,"{""price_basis"":null,""latest_price_id"":""a82311d2-0593-4e65-8aae-11854f2ae087"",""unit_price"":19.59,""pack_format"":""piece"",""units_per_pack"":1,""each_size"":57.5,""each_measure"":""oz""}",per_lb,Receipt/export 137 bills 5.45/lb. Catalog 19.59 per 57.5-oz root = 5.4511/lb; vendor rate x root pounds = 19.5859.,high,docs/seed/source/vendor-exports/context/catalog-prod-2026-09-19.json:3470; docs/seed/source/vendor-exports/reports/2026-09-19-catalog-join.md:80; docs/seed/source/vendor-exports/normalized/receipts-receipts-2026-09-18-batch2.json:154; docs/seed/source/vendor-exports/context/catalog-prod-2026-09-19.json:6237,false,Basis describes vendor purchasing denomination; vendor_price_history remains dollars per internal purchase root. Do not relabel or convert ledger prices merely by setting this column. Pounds-per-piece remain measured/estimated separately; fixed pack weight is not guaranteed for catch weight.
PB-007,price_basis,Boar's Head,9a4de7a1-fc04-4eab-a09a-97c564fc8698,Coke,,"{""price_basis"":null,""latest_price_id"":""93a49764-ff8d-586f-a7a8-1d621f2373c1"",""unit_price"":25.45,""pack_format"":""Case"",""units_per_pack"":35,""each_size"":12,""each_measure"":""fl oz""}",per_case,Catalog 25.45 = 1 x receipt 75 rate 25.45 (per case); source pack not printed.,high,docs/seed/source/vendor-exports/context/catalog-prod-2026-09-19.json:2414; docs/seed/source/vendor-exports/reports/2026-09-19-catalog-join.md:88; docs/seed/source/vendor-exports/normalized/receipts-receipts-2026-09-18-batch2.json:406; docs/seed/source/vendor-exports/context/catalog-prod-2026-09-19.json:6188,false,Basis describes vendor purchasing denomination; vendor_price_history remains dollars per internal purchase root. Do not relabel or convert ledger prices merely by setting this column.
PB-008,price_basis,Boar's Head,a2adb4c7-ccf6-40c9-9a59-8fa7debc7b55,DB Cel Ray,,"{""price_basis"":null,""latest_price_id"":""b9546c79-7bc7-5f05-ad12-2b19fa54938a"",""unit_price"":16.95,""pack_format"":""Pack"",""units_per_pack"":6,""each_size"":12,""each_measure"":""fl oz""}",per_case,"Pack-chain implication only: purchase root pack, flat 6 x 12 fl oz; catalog 16.95. No matching export/receipt price.",low,docs/seed/source/vendor-exports/context/catalog-prod-2026-09-19.json:2526; docs/seed/source/vendor-exports/reports/2026-09-19-catalog-join.md:114; docs/seed/source/vendor-exports/context/catalog-prod-2026-09-19.json:6300,false,Basis describes vendor purchasing denomination; vendor_price_history remains dollars per internal purchase root. Do not relabel or convert ledger prices merely by setting this column.
PB-009,price_basis,Boar's Head,c0019de5-000c-4104-aa3a-5da952192d6f,DB Cherry Soda,,"{""price_basis"":null,""latest_price_id"":""9a22a22b-417e-5c94-af60-574e62efef86"",""unit_price"":14.95,""pack_format"":""Pack"",""units_per_pack"":6,""each_size"":12,""each_measure"":""fl oz""}",per_case,"Pack-chain implication only: purchase root pack, flat 6 x 12 fl oz; catalog 14.95. No matching export/receipt price.",low,docs/seed/source/vendor-exports/context/catalog-prod-2026-09-19.json:2862; docs/seed/source/vendor-exports/reports/2026-09-19-catalog-join.md:116; docs/seed/source/vendor-exports/context/catalog-prod-2026-09-19.json:6209,false,Basis describes vendor purchasing denomination; vendor_price_history remains dollars per internal purchase root. Do not relabel or convert ledger prices merely by setting this column.
PB-010,price_basis,Boar's Head,33742a07-fe19-42fa-b900-232559826985,DB Cream Soda,,"{""price_basis"":null,""latest_price_id"":""5657c3d9-1fbc-5f5f-a6ea-8882dbfa4f29"",""unit_price"":14.95,""pack_format"":""Pack"",""units_per_pack"":6,""each_size"":12,""each_measure"":""fl oz""}",per_case,Catalog 14.95 = 1 x receipt 84 rate 14.95 (per case); source pack not printed.,medium,docs/seed/source/vendor-exports/context/catalog-prod-2026-09-19.json:910; docs/seed/source/vendor-exports/reports/2026-09-19-catalog-join.md:101; docs/seed/source/vendor-exports/normalized/receipts-receipts-2026-09-18-batch2.json:466; docs/seed/source/vendor-exports/context/catalog-prod-2026-09-19.json:6034,false,Basis describes vendor purchasing denomination; vendor_price_history remains dollars per internal purchase root. Do not relabel or convert ledger prices merely by setting this column. Receipt bills case but current root says six-pack; physical case count unproved.
PB-011,price_basis,Boar's Head,2d5a5194-6cdb-4295-8143-251928c390df,DB Diet Cherry Soda,,"{""price_basis"":null,""latest_price_id"":""d9d094da-2759-55cc-a132-960ab5669402"",""unit_price"":16.5,""pack_format"":""Pack"",""units_per_pack"":6,""each_size"":12,""each_measure"":""fl oz""}",per_case,"Pack-chain implication only: purchase root pack, flat 6 x 12 fl oz; catalog 16.5. No matching export/receipt price.",low,docs/seed/source/vendor-exports/context/catalog-prod-2026-09-19.json:782; docs/seed/source/vendor-exports/reports/2026-09-19-catalog-join.md:98; docs/seed/source/vendor-exports/context/catalog-prod-2026-09-19.json:6370,false,Basis describes vendor purchasing denomination; vendor_price_history remains dollars per internal purchase root. Do not relabel or convert ledger prices merely by setting this column.
PB-012,price_basis,Boar's Head,1d9b48ff-bb76-4aeb-b021-09c85aed80b4,DB Diet Cream Soda,,"{""price_basis"":null,""latest_price_id"":""dcac6cc4-ea63-51a0-a3c4-48ea4ef767f0"",""unit_price"":14.95,""pack_format"":""Pack"",""units_per_pack"":6,""each_size"":12,""each_measure"":""fl oz""}",per_case,Catalog 14.95 = 1 x receipt 85 rate 14.95 (per case); source pack not printed.,medium,docs/seed/source/vendor-exports/context/catalog-prod-2026-09-19.json:526; docs/seed/source/vendor-exports/reports/2026-09-19-catalog-join.md:95; docs/seed/source/vendor-exports/normalized/receipts-receipts-2026-09-18-batch2.json:496; docs/seed/source/vendor-exports/context/catalog-prod-2026-09-19.json:6391,false,Basis describes vendor purchasing denomination; vendor_price_history remains dollars per internal purchase root. Do not relabel or convert ledger prices merely by setting this column. Receipt bills case but current root says six-pack; physical case count unproved.
PB-013,price_basis,Boar's Head,26a0d9c0-9033-4742-9458-e77b3d573b8c,DB Root Beer,,"{""price_basis"":null,""latest_price_id"":""8e4e2a94-a0be-50ca-a318-d120e3ec23d3"",""unit_price"":14.95,""pack_format"":""Pack"",""units_per_pack"":6,""each_size"":12,""each_measure"":""fl oz""}",per_case,"Pack-chain implication only: purchase root pack, flat 6 x 12 fl oz; catalog 14.95. No matching export/receipt price.",low,docs/seed/source/vendor-exports/context/catalog-prod-2026-09-19.json:670; docs/seed/source/vendor-exports/reports/2026-09-19-catalog-join.md:97; docs/seed/source/vendor-exports/context/catalog-prod-2026-09-19.json:6160,false,Basis describes vendor purchasing denomination; vendor_price_history remains dollars per internal purchase root. Do not relabel or convert ledger prices merely by setting this column.
PB-014,price_basis,Boar's Head,23f9a85e-afca-4146-8b7e-cd2a0bec2f48,Diet Coke,,"{""price_basis"":null,""latest_price_id"":""1f4b4755-fd2a-5dd0-ac78-cbb220bc2648"",""unit_price"":25.45,""pack_format"":""Case"",""units_per_pack"":35,""each_size"":12,""each_measure"":""fl oz""}",per_case,Catalog 25.45 = 1 x receipt 76 rate 25.45 (per case); source pack not printed.,high,docs/seed/source/vendor-exports/context/catalog-prod-2026-09-19.json:606; docs/seed/source/vendor-exports/reports/2026-09-19-catalog-join.md:89; docs/seed/source/vendor-exports/normalized/receipts-receipts-2026-09-18-batch2.json:436; docs/seed/source/vendor-exports/context/catalog-prod-2026-09-19.json:5880,false,Basis describes vendor purchasing denomination; vendor_price_history remains dollars per internal purchase root. Do not relabel or convert ledger prices merely by setting this column.
PB-015,price_basis,Boar's Head,16a0089c-a714-422c-a3fc-6921436c88b0,Ever Roast Chicken,,"{""price_basis"":null,""latest_price_id"":""4e053848-6be8-5b3b-a9d7-2356d104cad1"",""unit_price"":27.77,""pack_format"":""piece"",""units_per_pack"":1,""each_size"":74.19,""each_measure"":""oz""}",per_each,"Pack-chain implication only: purchase root piece, flat 1 x 74.19 oz; catalog 27.77. No matching export/receipt price.",low,docs/seed/source/vendor-exports/context/catalog-prod-2026-09-19.json:430; docs/seed/source/vendor-exports/reports/2026-09-19-catalog-join.md:94; docs/seed/source/vendor-exports/context/catalog-prod-2026-09-19.json:5992,false,Basis describes vendor purchasing denomination; vendor_price_history remains dollars per internal purchase root. Do not relabel or convert ledger prices merely by setting this column.
PB-016,price_basis,Boar's Head,313fdc2e-20e4-48fa-a473-89027b68639b,Genoa,,"{""price_basis"":null,""latest_price_id"":""663f40ad-46eb-4104-a682-6aed8d4a4df3"",""unit_price"":28.26,""pack_format"":""piece"",""units_per_pack"":1,""each_size"":103,""each_measure"":""oz""}",per_lb,Receipt/export 505 bills 4.39/lb. Catalog 28.26 per 103-oz root = 4.3899/lb; vendor rate x root pounds = 28.2606.,high,docs/seed/source/vendor-exports/context/catalog-prod-2026-09-19.json:878; docs/seed/source/vendor-exports/reports/2026-09-19-catalog-join.md:82; docs/seed/source/vendor-exports/normalized/receipts-receipts-2026-09-18-batch2.json:218; docs/seed/source/vendor-exports/context/catalog-prod-2026-09-19.json:6076,false,Basis describes vendor purchasing denomination; vendor_price_history remains dollars per internal purchase root. Do not relabel or convert ledger prices merely by setting this column. Pounds-per-piece remain measured/estimated separately; fixed pack weight is not guaranteed for catch weight.
PB-017,price_basis,Boar's Head,49603e5a-16d3-4337-ba87-3e2a5f04e5ed,Hot Peppers,,"{""price_basis"":null,""latest_price_id"":""36181ed2-49d9-561d-a51e-82e46368eb25"",""unit_price"":35.8,""pack_format"":""Case"",""units_per_pack"":4,""each_size"":128,""each_measure"":""fl oz""}",per_case,Catalog 35.8 = 4 x receipt 30 rate 8.95 (per each); source pack not printed.,high,docs/seed/source/vendor-exports/context/catalog-prod-2026-09-19.json:1214; docs/seed/source/vendor-exports/reports/2026-09-19-catalog-join.md:84; docs/seed/source/vendor-exports/normalized/receipts-receipts-2026-09-18-batch2.json:282; docs/seed/source/vendor-exports/context/catalog-prod-2026-09-19.json:5943,false,Basis describes vendor purchasing denomination; vendor_price_history remains dollars per internal purchase root. Do not relabel or convert ledger prices merely by setting this column.
PB-018,price_basis,Boar's Head,7a1f6d2e-3c5b-4e8a-9f01-2a6b8c4d0e13,Just Ice Tea Dragon Green,,"{""price_basis"":null,""latest_price_id"":""46d5bb7c-ba83-4167-9ca0-cb1c59b31d85"",""unit_price"":14.95,""pack_format"":""Pack"",""units_per_pack"":12,""each_size"":12,""each_measure"":""fl oz""}",per_case,"Pack-chain implication only: purchase root pack, flat 12 x 12 fl oz; catalog 14.95. No matching export/receipt price.",low,docs/seed/source/vendor-exports/context/catalog-prod-2026-09-19.json:1966; docs/seed/source/vendor-exports/reports/2026-09-19-catalog-join.md:107; docs/seed/source/vendor-exports/context/catalog-prod-2026-09-19.json:5978,false,Basis describes vendor purchasing denomination; vendor_price_history remains dollars per internal purchase root. Do not relabel or convert ledger prices merely by setting this column.
PB-019,price_basis,Boar's Head,7a1f6d2e-3c5b-4e8a-9f01-2a6b8c4d0e11,Just Ice Tea Lemon,,"{""price_basis"":null,""latest_price_id"":""ad9445b5-e31c-48b7-bdfe-f246a8c6b1c6"",""unit_price"":14.95,""pack_format"":""Pack"",""units_per_pack"":12,""each_size"":12,""each_measure"":""fl oz""}",per_case,"Pack-chain implication only: purchase root pack, flat 12 x 12 fl oz; catalog 14.95. No matching export/receipt price.",low,docs/seed/source/vendor-exports/context/catalog-prod-2026-09-19.json:1934; docs/seed/source/vendor-exports/reports/2026-09-19-catalog-join.md:105; docs/seed/source/vendor-exports/context/catalog-prod-2026-09-19.json:6251,false,Basis describes vendor purchasing denomination; vendor_price_history remains dollars per internal purchase root. Do not relabel or convert ledger prices merely by setting this column.
PB-020,price_basis,Boar's Head,7a1f6d2e-3c5b-4e8a-9f01-2a6b8c4d0e12,Just Ice Tea Raspberry,,"{""price_basis"":null,""latest_price_id"":""d9f186e1-6a0f-4b3f-98ae-d6b21418f818"",""unit_price"":14.95,""pack_format"":""Pack"",""units_per_pack"":12,""each_size"":12,""each_measure"":""fl oz""}",per_case,"Pack-chain implication only: purchase root pack, flat 12 x 12 fl oz; catalog 14.95. No matching export/receipt price.",low,docs/seed/source/vendor-exports/context/catalog-prod-2026-09-19.json:1950; docs/seed/source/vendor-exports/reports/2026-09-19-catalog-join.md:106; docs/seed/source/vendor-exports/context/catalog-prod-2026-09-19.json:6377,false,Basis describes vendor purchasing denomination; vendor_price_history remains dollars per internal purchase root. Do not relabel or convert ledger prices merely by setting this column.
PB-021,price_basis,Boar's Head,9eced455-d0c2-4b2f-8884-4b741d4d1edf,Pepperoni,,"{""price_basis"":null,""latest_price_id"":""d323237b-c590-5506-a82e-639b169a54c5"",""unit_price"":17.78,""pack_format"":""piece"",""units_per_pack"":1,""each_size"":55.88,""each_measure"":""oz""}",per_lb,Receipt/export 558 bills 4.99/lb. Catalog 17.78 per 55.88-oz root = 5.0909/lb; vendor rate x root pounds = 17.4276.,medium,docs/seed/source/vendor-exports/context/catalog-prod-2026-09-19.json:2462; docs/seed/source/vendor-exports/reports/2026-09-19-catalog-join.md:83; docs/seed/source/vendor-exports/normalized/receipts-receipts-2026-09-18-batch2.json:250; docs/seed/source/vendor-exports/context/catalog-prod-2026-09-19.json:6349,false,Basis describes vendor purchasing denomination; vendor_price_history remains dollars per internal purchase root. Do not relabel or convert ledger prices merely by setting this column. Pounds-per-piece remain measured/estimated separately; fixed pack weight is not guaranteed for catch weight.
PB-022,price_basis,Boar's Head,2dcc2757-f3eb-470f-bd39-2881c2a06e4e,Pickle slices,,"{""price_basis"":null,""latest_price_id"":""64323f31-77ff-537c-adc9-8e6454227bfa"",""unit_price"":35.95,""pack_format"":""tub"",""units_per_pack"":1500,""each_size"":1,""each_measure"":""each""}",per_each,"Pack-chain implication only: purchase root tub, flat 1500 x 1 each; catalog 35.95. No matching export/receipt price.",low,docs/seed/source/vendor-exports/context/catalog-prod-2026-09-19.json:798; docs/seed/source/vendor-exports/reports/2026-09-19-catalog-join.md:99; docs/seed/source/vendor-exports/context/catalog-prod-2026-09-19.json:6062,false,Basis describes vendor purchasing denomination; vendor_price_history remains dollars per internal purchase root. Do not relabel or convert ledger prices merely by setting this column.
PB-023,price_basis,Boar's Head,7d0481f5-df88-49f2-addb-ff96c7cc1024,Prosciutto,,"{""price_basis"":null,""latest_price_id"":""64481832-4b2b-56d9-a621-dfb4ef447bde"",""unit_price"":12.95,""pack_format"":""case"",""units_per_pack"":1,""each_size"":12,""each_measure"":""oz""}",per_case,"Pack-chain implication only: purchase root case, flat 1 x 12 oz; catalog 12.95. No matching export/receipt price.",low,docs/seed/source/vendor-exports/context/catalog-prod-2026-09-19.json:1998; docs/seed/source/vendor-exports/reports/2026-09-19-catalog-join.md:108; docs/seed/source/vendor-exports/context/catalog-prod-2026-09-19.json:6069,false,Basis describes vendor purchasing denomination; vendor_price_history remains dollars per internal purchase root. Do not relabel or convert ledger prices merely by setting this column.
PB-024,price_basis,Boar's Head,8a2297e2-2121-4a02-9234-e46e1af2a19b,Provolone,,"{""price_basis"":null,""latest_price_id"":""ac442c41-bfe2-4195-868f-6ce811eb3f9e"",""unit_price"":19.2,""pack_format"":""piece"",""units_per_pack"":1,""each_size"":88,""each_measure"":""oz""}",per_each,"Pack-chain implication only: purchase root piece, flat 1 x 88 oz; catalog 19.2. No matching export/receipt price.",low,docs/seed/source/vendor-exports/context/catalog-prod-2026-09-19.json:2158; docs/seed/source/vendor-exports/reports/2026-09-19-catalog-join.md:110; docs/seed/source/vendor-exports/context/catalog-prod-2026-09-19.json:6244,false,Basis describes vendor purchasing denomination; vendor_price_history remains dollars per internal purchase root. Do not relabel or convert ledger prices merely by setting this column.
PB-025,price_basis,Boar's Head,36a06d72-b66a-4808-9132-3568d76216dc,Roast Beef,,"{""price_basis"":null,""latest_price_id"":""4fa4e557-86ea-49f6-824e-03b42e95249e"",""unit_price"":60.23,""pack_format"":""piece"",""units_per_pack"":1,""each_size"":110.9,""each_measure"":""oz""}",per_lb,Receipt/export 12011 bills 8.69/lb. Catalog 60.23 per 110.9-oz root = 8.6896/lb; vendor rate x root pounds = 60.2326.,high,docs/seed/source/vendor-exports/context/catalog-prod-2026-09-19.json:974; docs/seed/source/vendor-exports/reports/2026-09-19-catalog-join.md:86; docs/seed/source/vendor-exports/normalized/receipts-receipts-2026-09-18-batch2.json:342; docs/seed/source/vendor-exports/context/catalog-prod-2026-09-19.json:5999,false,Basis describes vendor purchasing denomination; vendor_price_history remains dollars per internal purchase root. Do not relabel or convert ledger prices merely by setting this column. Pounds-per-piece remain measured/estimated separately; fixed pack weight is not guaranteed for catch weight.
PB-026,price_basis,Boar's Head,6e6d9d56-2260-46a5-9d8f-fca3f8501d7e,Sweet Peppers,,"{""price_basis"":null,""latest_price_id"":""ed45dc69-18f9-56bf-a027-e6f41a3986fe"",""unit_price"":41,""pack_format"":""Case"",""units_per_pack"":4,""each_size"":128,""each_measure"":""fl oz""}",per_case,"Pack-chain implication only: purchase root case, flat 4 x 128 fl oz; catalog 41. No matching export/receipt price.",low,docs/seed/source/vendor-exports/context/catalog-prod-2026-09-19.json:1774; docs/seed/source/vendor-exports/reports/2026-09-19-catalog-join.md:104; docs/seed/source/vendor-exports/context/catalog-prod-2026-09-19.json:6461,false,Basis describes vendor purchasing denomination; vendor_price_history remains dollars per internal purchase root. Do not relabel or convert ledger prices merely by setting this column.
PB-027,price_basis,Boar's Head,ca3cc47c-51a7-4306-b11f-6e2e90971c8d,Turkey,,"{""price_basis"":null,""latest_price_id"":""e2906d93-cee3-4c57-8025-c6b44a863209"",""unit_price"":58.18,""pack_format"":""piece"",""units_per_pack"":1,""each_size"":148,""each_measure"":""oz""}",per_lb,Receipt/export 278 bills 6.29/lb. Catalog 58.18 per 148-oz root = 6.2897/lb; vendor rate x root pounds = 58.1825.,high,docs/seed/source/vendor-exports/context/catalog-prod-2026-09-19.json:3086; docs/seed/source/vendor-exports/reports/2026-09-19-catalog-join.md:81; docs/seed/source/vendor-exports/normalized/receipts-receipts-2026-09-18-batch2.json:186; docs/seed/source/vendor-exports/context/catalog-prod-2026-09-19.json:6412,false,Basis describes vendor purchasing denomination; vendor_price_history remains dollars per internal purchase root. Do not relabel or convert ledger prices merely by setting this column. Pounds-per-piece remain measured/estimated separately; fixed pack weight is not guaranteed for catch weight.
PB-028,price_basis,Cardinal Bakery,9478c3e2-868e-444f-95f4-009a7b3b507b,Sub Roll,,"{""price_basis"":null,""latest_price_id"":""53f94d6c-db48-4a6b-b02b-a045fce4b166"",""unit_price"":19.68,""pack_format"":""Flat"",""units_per_pack"":5,""each_size"":6,""each_measure"":""each""}",per_dozen,19.68 per 30-roll flat / 2.5 dozen = 7.872/dozen; receipt 1030 is 7.87/dozen.,high,docs/seed/source/vendor-exports/context/catalog-prod-2026-09-19.json:2334; docs/seed/source/vendor-exports/reports/2026-09-19-catalog-join.md:126; docs/seed/source/vendor-exports/normalized/receipts-receipts-2026-09-18-batch2.json:34; docs/seed/source/vendor-exports/context/catalog-prod-2026-09-19.json:6020,false,Basis describes vendor purchasing denomination; vendor_price_history remains dollars per internal purchase root. Do not relabel or convert ledger prices merely by setting this column.
PB-029,price_basis,PFG,fa14310e-aaa0-4376-be09-09a39f49ddab,Arugula,242470,"{""price_basis"":null,""latest_price_id"":""90bd4934-afc0-54b7-a622-7f4a55019339"",""unit_price"":22.35,""pack_format"":""case"",""units_per_pack"":1,""each_size"":64,""each_measure"":""oz""}",per_case,Catalog 22.35 x 1 internal roots/vendor case = 22.3500; export 242470 2/2 LB case 19.27.,medium,docs/seed/source/vendor-exports/context/catalog-prod-2026-09-19.json:3742; docs/seed/source/vendor-exports/reports/2026-09-19-catalog-join.md:230; docs/seed/source/vendor-exports/normalized/pfg-purchase-history-2026-09-18.json:1652; docs/seed/source/vendor-exports/context/catalog-prod-2026-09-19.json:6181,false,Basis describes vendor purchasing denomination; vendor_price_history remains dollars per internal purchase root. Do not relabel or convert ledger prices merely by setting this column.
PB-030,price_basis,PFG,ac1b5724-a7cf-4896-ac76-0139dc652f04,Balsamic Glaze,434904,"{""price_basis"":null,""latest_price_id"":""890aaf82-14f6-457d-8921-9854a01ea53d"",""unit_price"":42.04,""pack_format"":""Case"",""units_per_pack"":4,""each_size"":27,""each_measure"":""oz""}",per_case,Catalog 42.04 x 1 internal roots/vendor case = 42.0400; export 434904 4/27 OZ case 42.04.,high,docs/seed/source/vendor-exports/context/catalog-prod-2026-09-19.json:2686; docs/seed/source/vendor-exports/reports/2026-09-19-catalog-join.md:260; docs/seed/source/vendor-exports/normalized/pfg-purchase-history-2026-09-18.json:1080; docs/seed/source/vendor-exports/context/catalog-prod-2026-09-19.json:6146,false,Basis describes vendor purchasing denomination; vendor_price_history remains dollars per internal purchase root. Do not relabel or convert ledger prices merely by setting this column.
PB-031,price_basis,PFG,132c3a75-fd2f-49b7-9606-60489a250c0d,Balsamic Vin,233067,"{""price_basis"":null,""latest_price_id"":""e1182fe9-59c2-443a-9183-37d581783ac4"",""unit_price"":17.26,""pack_format"":""Case"",""units_per_pack"":1,""each_size"":169.07,""each_measure"":""oz""}",per_each,Catalog 17.26 x 2 internal roots/vendor case = 34.5200; export 233067 2/5 LT case 35.16.,high,docs/seed/source/vendor-exports/context/catalog-prod-2026-09-19.json:350; docs/seed/source/vendor-exports/reports/2026-09-19-catalog-join.md:221; docs/seed/source/vendor-exports/normalized/pfg-purchase-history-2026-09-18.json:1212; docs/seed/source/vendor-exports/context/catalog-prod-2026-09-19.json:6405,false,Basis describes vendor purchasing denomination; vendor_price_history remains dollars per internal purchase root. Do not relabel or convert ledger prices merely by setting this column.
PB-032,price_basis,PFG,5996f84f-5feb-4f0e-8241-9aab3b3cc6fe,Basil,23097,"{""price_basis"":null,""latest_price_id"":""8fbde16f-8798-4956-a55b-fc07cd3dba16"",""unit_price"":20.25,""pack_format"":""Case"",""units_per_pack"":1,""each_size"":23.2,""each_measure"":""oz""}",per_case,Vendor 23097 is 1-lb case at 10.34; catalog 23.2 oz at 20.25 does not reconcile. Conditional on DL whole-chain decision; 855571 is a different item number.,low,docs/seed/source/vendor-exports/context/catalog-prod-2026-09-19.json:1486; docs/seed/source/vendor-exports/reports/2026-09-19-catalog-join.md:17; docs/seed/source/vendor-exports/normalized/pfg-purchase-history-2026-09-18.json:1894; docs/seed/source/vendor-exports/context/catalog-prod-2026-09-19.json:6167,true,Basis describes vendor purchasing denomination; vendor_price_history remains dollars per internal purchase root. Do not relabel or convert ledger prices merely by setting this column.
PB-033,price_basis,PFG,f52c50de-fc80-45c1-be29-fdb395059779,Beef Base,,"{""price_basis"":null,""latest_price_id"":""2b3cb0eb-de44-40dc-8024-2f3f3cd9be8b"",""unit_price"":62.61,""pack_format"":""case"",""units_per_pack"":6,""each_size"":16,""each_measure"":""oz""}",per_case,"Pack-chain implication only: purchase root case, flat 6 x 16 oz; catalog 62.61. No matching export/receipt price.",low,docs/seed/source/vendor-exports/context/catalog-prod-2026-09-19.json:3678; docs/seed/source/vendor-exports/reports/2026-09-19-catalog-join.md:207; docs/seed/source/vendor-exports/context/catalog-prod-2026-09-19.json:5922,false,Basis describes vendor purchasing denomination; vendor_price_history remains dollars per internal purchase root. Do not relabel or convert ledger prices merely by setting this column.
PB-034,price_basis,PFG,699f17e1-2bc7-4216-a906-4b9e0ecd9094,Black peppercorn,628204,"{""price_basis"":null,""latest_price_id"":""3275440d-55d9-5d61-a087-2557158a3880"",""unit_price"":53.52,""pack_format"":""tub"",""units_per_pack"":1,""each_size"":92,""each_measure"":""oz""}",per_case,Catalog 53.52 x 1 internal roots/vendor case = 53.5200; export 628204 1/5.75 LB case 53.52.,high,docs/seed/source/vendor-exports/context/catalog-prod-2026-09-19.json:1758; docs/seed/source/vendor-exports/reports/2026-09-19-catalog-join.md:280; docs/seed/source/vendor-exports/normalized/pfg-purchase-history-2026-09-18.json:1366; docs/seed/source/vendor-exports/context/catalog-prod-2026-09-19.json:5929,false,Basis describes vendor purchasing denomination; vendor_price_history remains dollars per internal purchase root. Do not relabel or convert ledger prices merely by setting this column.
PB-035,price_basis,PFG,ee111f0e-b50d-498a-bc2b-614e8eda199b,Butter,1051772,"{""price_basis"":null,""latest_price_id"":""1002929d-698b-42d7-94ca-e1ef55944dab"",""unit_price"":2.25,""pack_format"":""Case"",""units_per_pack"":1,""each_size"":16,""each_measure"":""oz""}",per_each,Catalog 2.25 x 36 internal roots/vendor case = 81.0000; export 1051772 36/1 LB case 80.3.,high,docs/seed/source/vendor-exports/context/catalog-prod-2026-09-19.json:3566; docs/seed/source/vendor-exports/reports/2026-09-19-catalog-join.md:199; docs/seed/source/vendor-exports/normalized/pfg-purchase-history-2026-09-18.json:112; docs/seed/source/vendor-exports/context/catalog-prod-2026-09-19.json:5838,false,Basis describes vendor purchasing denomination; vendor_price_history remains dollars per internal purchase root. Do not relabel or convert ledger prices merely by setting this column.
PB-036,price_basis,PFG,2f71d6db-919f-48d6-8da4-62e95335023f,Cannoli Shell,232056,"{""price_basis"":null,""latest_price_id"":""16b06084-72e2-45c7-858b-3961ddb134db"",""unit_price"":42.67,""pack_format"":""Case"",""units_per_pack"":120,""each_size"":1,""each_measure"":""count""}",per_case,Catalog 42.67 x 1 internal roots/vendor case = 42.6700; export 232056 1/120 CT case 42.67. Factor is provisional; pack dimensions do not prove this conversion.,medium,docs/seed/source/vendor-exports/context/catalog-prod-2026-09-19.json:846; docs/seed/source/vendor-exports/reports/2026-09-19-catalog-join.md:218; docs/seed/source/vendor-exports/normalized/pfg-purchase-history-2026-09-18.json:904; docs/seed/source/vendor-exports/context/catalog-prod-2026-09-19.json:5845,false,Basis describes vendor purchasing denomination; vendor_price_history remains dollars per internal purchase root. Do not relabel or convert ledger prices merely by setting this column.
PB-037,price_basis,PFG,bf3f655c-f8d9-4214-9df1-d0bbc3a94017,Canola Oil,589183,"{""price_basis"":null,""latest_price_id"":""b1605bef-c6c8-5238-a17d-042eb3a9fef1"",""unit_price"":40.67,""pack_format"":""Each"",""units_per_pack"":1,""each_size"":560,""each_measure"":""oz""}",per_case,Catalog 40.67 x 1 internal roots/vendor case = 40.6700; export 589183 1/35 LB case 40.45. Factor is provisional; pack dimensions do not prove this conversion.,medium,docs/seed/source/vendor-exports/context/catalog-prod-2026-09-19.json:2846; docs/seed/source/vendor-exports/reports/2026-09-19-catalog-join.md:276; docs/seed/source/vendor-exports/normalized/pfg-purchase-history-2026-09-18.json:1300; docs/seed/source/vendor-exports/context/catalog-prod-2026-09-19.json:6265,false,Basis describes vendor purchasing denomination; vendor_price_history remains dollars per internal purchase root. Do not relabel or convert ledger prices merely by setting this column.
PB-038,price_basis,PFG,45f9aa24-0263-42dd-bed2-53c50e0f57c6,Celery,865009,"{""price_basis"":null,""latest_price_id"":""b1aebfc5-e750-5b0e-af35-9964ddbcbcfb"",""unit_price"":25.64,""pack_format"":""Case"",""units_per_pack"":6,""each_size"":1,""each_measure"":""each""}",per_case,Catalog 25.64 x 1 internal roots/vendor case = 25.6400; export 865009 1/6 CT case 25.64.,high,docs/seed/source/vendor-exports/context/catalog-prod-2026-09-19.json:1166; docs/seed/source/vendor-exports/reports/2026-09-19-catalog-join.md:294; docs/seed/source/vendor-exports/normalized/pfg-purchase-history-2026-09-18.json:1740; docs/seed/source/vendor-exports/context/catalog-prod-2026-09-19.json:6272,false,Basis describes vendor purchasing denomination; vendor_price_history remains dollars per internal purchase root. Do not relabel or convert ledger prices merely by setting this column.
PB-039,price_basis,PFG,e3ee9508-8c1c-42b9-a0ce-403bbd7bcbc1,Cheddar,328716,"{""price_basis"":null,""latest_price_id"":""b7dad394-cb1a-5c72-aee5-d58707a45322"",""unit_price"":3.55,""pack_format"":""Case"",""units_per_pack"":1,""each_size"":16,""each_measure"":""oz""}",per_lb,"3.55/lb x 10 lb = 35.50 vs 34.01 export; internal 16-oz root implies per-lb, historical quote differs.",medium,docs/seed/source/vendor-exports/context/catalog-prod-2026-09-19.json:3390; docs/seed/source/vendor-exports/reports/2026-09-19-catalog-join.md:252; docs/seed/source/vendor-exports/normalized/pfg-purchase-history-2026-09-18.json:200; docs/seed/source/vendor-exports/context/catalog-prod-2026-09-19.json:6286,false,Basis describes vendor purchasing denomination; vendor_price_history remains dollars per internal purchase root. Do not relabel or convert ledger prices merely by setting this column.
PB-040,price_basis,PFG,2351bd99-077c-48a3-97eb-e030b93a0a7d,Chicken Breast,411736,"{""price_basis"":null,""latest_price_id"":""82aa2a79-8405-4f36-83f9-3f6d13c8b671"",""unit_price"":63.58,""pack_format"":""Case"",""units_per_pack"":4,""each_size"":160,""each_measure"":""oz""}",per_case,Catalog 63.58 x 1 internal roots/vendor case = 63.5800; export 411736 4/10 LB case 62.68. Factor is provisional; pack dimensions do not prove this conversion.,medium,docs/seed/source/vendor-exports/context/catalog-prod-2026-09-19.json:590; docs/seed/source/vendor-exports/reports/2026-09-19-catalog-join.md:231; docs/seed/source/vendor-exports/normalized/pfg-purchase-history-2026-09-18.json:1630; docs/seed/source/vendor-exports/context/catalog-prod-2026-09-19.json:6118,false,Basis describes vendor purchasing denomination; vendor_price_history remains dollars per internal purchase root. Do not relabel or convert ledger prices merely by setting this column.
PB-041,price_basis,PFG,45c5840b-2353-47cc-8319-8cdc352ebe12,Chili Flake,264698,"{""price_basis"":null,""latest_price_id"":""531eb412-45f6-4e6e-9699-9fb614cbbbb7"",""unit_price"":23.4,""pack_format"":""Case"",""units_per_pack"":1,""each_size"":64,""each_measure"":""oz""}",per_case,Catalog 23.4 x 1 internal roots/vendor case = 23.4000; export 264698 1/4 LB case 23.4.,high,docs/seed/source/vendor-exports/context/catalog-prod-2026-09-19.json:1150; docs/seed/source/vendor-exports/reports/2026-09-19-catalog-join.md:236; docs/seed/source/vendor-exports/normalized/pfg-purchase-history-2026-09-18.json:1102; docs/seed/source/vendor-exports/context/catalog-prod-2026-09-19.json:6013,false,Basis describes vendor purchasing denomination; vendor_price_history remains dollars per internal purchase root. Do not relabel or convert ledger prices merely by setting this column.
PB-042,price_basis,PFG,1c85ccb0-cdd0-4a05-971e-189b61132f8a,Chives,855552,"{""price_basis"":null,""latest_price_id"":""4d8e5a13-a521-4052-a33e-481d46eb81c8"",""unit_price"":17.88,""pack_format"":""Each"",""units_per_pack"":1,""each_size"":8,""each_measure"":""oz""}",per_case,Catalog 17.88 x 1 internal roots/vendor case = 17.8800; export 855552 1/8 OZ case 17.88.,high,docs/seed/source/vendor-exports/context/catalog-prod-2026-09-19.json:510; docs/seed/source/vendor-exports/reports/2026-09-19-catalog-join.md:291; docs/seed/source/vendor-exports/normalized/pfg-purchase-history-2026-09-18.json:1762; docs/seed/source/vendor-exports/context/catalog-prod-2026-09-19.json:5985,false,Basis describes vendor purchasing denomination; vendor_price_history remains dollars per internal purchase root. Do not relabel or convert ledger prices merely by setting this column.
PB-043,price_basis,PFG,1724b425-250b-4d05-876b-2d6bfa6d6f35,Confectioners Sugar,913783,"{""price_basis"":null,""latest_price_id"":""da371c60-2240-4c2b-be61-7405ac841585"",""unit_price"":33.51,""pack_format"":""Case"",""units_per_pack"":12,""each_size"":32,""each_measure"":""oz""}",per_case,Catalog 33.51 x 1 internal roots/vendor case = 33.5100; export 913783 12/2 LB case 33.04.,high,docs/seed/source/vendor-exports/context/catalog-prod-2026-09-19.json:478; docs/seed/source/vendor-exports/reports/2026-09-19-catalog-join.md:305; docs/seed/source/vendor-exports/normalized/pfg-list-izzy-main-2026-09-18.json:1344; docs/seed/source/vendor-exports/context/catalog-prod-2026-09-19.json:6384,false,Basis describes vendor purchasing denomination; vendor_price_history remains dollars per internal purchase root. Do not relabel or convert ledger prices merely by setting this column.
PB-044,price_basis,PFG,11d14e78-bdce-4aa9-8602-2e7a7e09e4f3,Cucumber,23280,"{""price_basis"":null,""latest_price_id"":""eece3eaa-7756-5306-a9b3-bac49ce2836d"",""unit_price"":16.99,""pack_format"":""Case"",""units_per_pack"":12,""each_size"":1,""each_measure"":""each""}",per_case,Catalog 16.99 x 1 internal roots/vendor case = 16.9900; export 23280 1/12 CT case 21.46.,medium,docs/seed/source/vendor-exports/context/catalog-prod-2026-09-19.json:318; docs/seed/source/vendor-exports/reports/2026-09-19-catalog-join.md:220; docs/seed/source/vendor-exports/normalized/pfg-purchase-history-2026-09-18.json:1784; docs/seed/source/vendor-exports/context/catalog-prod-2026-09-19.json:6475,false,Basis describes vendor purchasing denomination; vendor_price_history remains dollars per internal purchase root. Do not relabel or convert ledger prices merely by setting this column.
PB-045,price_basis,PFG,5c589b38-6431-4a45-b8b7-924125c05aa6,Duke's Mayo,32118,"{""price_basis"":null,""latest_price_id"":""00072c3a-ee9e-4239-94b2-1dae251fd003"",""unit_price"":18.5,""pack_format"":""Case"",""units_per_pack"":1,""each_size"":128,""each_measure"":""oz""}",per_each,Catalog 18.5 x 4 internal roots/vendor case = 74.0000; export 32118 4/1 GA case 73.99.,high,docs/seed/source/vendor-exports/context/catalog-prod-2026-09-19.json:1550; docs/seed/source/vendor-exports/reports/2026-09-19-catalog-join.md:249; docs/seed/source/vendor-exports/normalized/pfg-purchase-history-2026-09-18.json:926; docs/seed/source/vendor-exports/context/catalog-prod-2026-09-19.json:5782,false,Basis describes vendor purchasing denomination; vendor_price_history remains dollars per internal purchase root. Do not relabel or convert ledger prices merely by setting this column.
PB-046,price_basis,PFG,7de78f9b-bc00-4e42-be3a-80419048eaa3,Eggs,439686,"{""price_basis"":null,""latest_price_id"":""20ae41c5-d6eb-4a11-9f89-abe3e867ad77"",""unit_price"":51.93,""pack_format"":""Case"",""units_per_pack"":360,""each_size"":1.8,""each_measure"":""oz""}",per_case,"Current SKU code 439686 means cooked eggs, but this SKU has 360 shell eggs at 51.93; medium 517842 is 15 dozen at 13.36. Identity and pack are unproved; guide amendment does not rewrite this SKU.",low,docs/seed/source/vendor-exports/context/catalog-prod-2026-09-19.json:2030; docs/seed/source/vendor-exports/reports/2026-09-19-catalog-join.md:262; docs/seed/source/vendor-exports/normalized/pfg-purchase-history-2026-09-18.json:244; docs/seed/source/vendor-exports/context/catalog-prod-2026-09-19.json:5887,true,Basis describes vendor purchasing denomination; vendor_price_history remains dollars per internal purchase root. Do not relabel or convert ledger prices merely by setting this column.
PB-047,price_basis,PFG,d6c913a4-888b-4d2d-a151-9a15c9dd69c4,Eggs (cooked),439686,"{""price_basis"":null,""latest_price_id"":""08b89b12-85f6-4c3a-b58e-ac4809ae8caa"",""unit_price"":39.97,""pack_format"":""Case"",""units_per_pack"":12,""each_size"":12,""each_measure"":""each""}",per_case,Catalog 39.97 x 1 internal roots/vendor case = 39.9700; export 439686 12/12 CT case 39.97.,high,docs/seed/source/vendor-exports/context/catalog-prod-2026-09-19.json:3262; docs/seed/source/vendor-exports/reports/2026-09-19-catalog-join.md:262; docs/seed/source/vendor-exports/normalized/pfg-purchase-history-2026-09-18.json:244; docs/seed/source/vendor-exports/context/catalog-prod-2026-09-19.json:5810,false,Basis describes vendor purchasing denomination; vendor_price_history remains dollars per internal purchase root. Do not relabel or convert ledger prices merely by setting this column.
PB-048,price_basis,PFG,e9817760-0b15-4b79-b37b-cbf376432dad,Employee Water,5488748,"{""price_basis"":null,""latest_price_id"":""b46becae-187f-5bd0-ae7c-0b0ea45f192f"",""unit_price"":4.42,""pack_format"":""Case"",""units_per_pack"":1,""each_size"":441.27,""each_measure"":""oz""}",per_case,"Pack-chain implication only: purchase root case, flat 1 x 441.27 oz; catalog 4.42. No matching export/receipt price.",low,docs/seed/source/vendor-exports/context/catalog-prod-2026-09-19.json:3502; docs/seed/source/vendor-exports/reports/2026-09-19-catalog-join.md:319; docs/seed/source/vendor-exports/context/catalog-prod-2026-09-19.json:6279,false,Basis describes vendor purchasing denomination; vendor_price_history remains dollars per internal purchase root. Do not relabel or convert ledger prices merely by setting this column.
PB-049,price_basis,PFG,27066f2a-8e5c-4c60-8a0f-a62980241998,Fresh Mozzarella,397845,"{""price_basis"":null,""latest_price_id"":""5f2b27fc-f16a-4b8c-9583-1c6c8f999d87"",""unit_price"":47.1,""pack_format"":""case"",""units_per_pack"":192,""each_size"":1,""each_measure"":""each""}",per_case,Catalog 47.1 x 1 internal roots/vendor case = 47.1000; export 397845 6/2 LB case 47.1.,high,docs/seed/source/vendor-exports/context/catalog-prod-2026-09-19.json:686; docs/seed/source/vendor-exports/reports/2026-09-19-catalog-join.md:253; docs/seed/source/vendor-exports/normalized/pfg-purchase-history-2026-09-18.json:134; docs/seed/source/vendor-exports/context/catalog-prod-2026-09-19.json:6041,false,Basis describes vendor purchasing denomination; vendor_price_history remains dollars per internal purchase root. Do not relabel or convert ledger prices merely by setting this column.
PB-050,price_basis,PFG,a58b7f10-5006-4a3a-98b2-0bda57424ac4,Fusilli Pasta,402242,"{""price_basis"":null,""latest_price_id"":""63c8b410-a45e-500a-a9e5-9aee86d32e4a"",""unit_price"":39.97,""pack_format"":""case"",""units_per_pack"":1,""each_size"":349.47,""each_measure"":""oz""}",per_case,39.97 equals export case; internal 349.47 oz differs from 4 x 5 LB = 320 oz. Basis supported; pack discrepancy remains.,medium,docs/seed/source/vendor-exports/context/catalog-prod-2026-09-19.json:2574; docs/seed/source/vendor-exports/reports/2026-09-19-catalog-join.md:254; docs/seed/source/vendor-exports/normalized/pfg-purchase-history-2026-09-18.json:948; docs/seed/source/vendor-exports/context/catalog-prod-2026-09-19.json:6055,false,Basis describes vendor purchasing denomination; vendor_price_history remains dollars per internal purchase root. Do not relabel or convert ledger prices merely by setting this column.
PB-051,price_basis,PFG,d4b03398-d04f-4551-8c3b-517aac7b910b,Garlic,283987,"{""price_basis"":null,""latest_price_id"":""2ab3e8ac-0a75-435b-aa28-c9507938bb35"",""unit_price"":19.72,""pack_format"":""Case"",""units_per_pack"":1,""each_size"":95.94,""each_measure"":""oz""}",per_case,Vendor 283987 is 5-lb case at 20.74; current 95.94-oz root is not 5 lb. Conditional on DL whole-chain decision; retain dated catalog price pending review.,low,docs/seed/source/vendor-exports/context/catalog-prod-2026-09-19.json:3198; docs/seed/source/vendor-exports/reports/2026-09-19-catalog-join.md:243; docs/seed/source/vendor-exports/normalized/pfg-purchase-history-2026-09-18.json:1806; docs/seed/source/vendor-exports/context/catalog-prod-2026-09-19.json:5915,true,Basis describes vendor purchasing denomination; vendor_price_history remains dollars per internal purchase root. Do not relabel or convert ledger prices merely by setting this column.
PB-052,price_basis,PFG,ff4dc473-d0a5-4169-a137-a5d3deb24ca9,Garlic Powder,615777,"{""price_basis"":null,""latest_price_id"":""9ec19625-7ddf-5e5f-ae52-91403e28d3fc"",""unit_price"":70.28,""pack_format"":""tub"",""units_per_pack"":1,""each_size"":96,""each_measure"":""oz""}",per_each,Catalog 70.28 x 3 internal roots/vendor case = 210.8400; export 615777 3/6 LB case 210.84.,high,docs/seed/source/vendor-exports/context/catalog-prod-2026-09-19.json:3774; docs/seed/source/vendor-exports/reports/2026-09-19-catalog-join.md:279; docs/seed/source/vendor-exports/normalized/pfg-purchase-history-2026-09-18.json:1344; docs/seed/source/vendor-exports/context/catalog-prod-2026-09-19.json:6223,false,Basis describes vendor purchasing denomination; vendor_price_history remains dollars per internal purchase root. Do not relabel or convert ledger prices merely by setting this column.
PB-053,price_basis,PFG,3430a53e-30b2-4b54-9f18-b10409fac129,Grapeseed Oil,61548,"{""price_basis"":null,""latest_price_id"":""6a814e1d-4c45-43ef-aa8c-fa1671427db7"",""unit_price"":123.15,""pack_format"":""Case"",""units_per_pack"":2,""each_size"":169.07,""each_measure"":""oz""}",per_case,Catalog 123.15 x 1 internal roots/vendor case = 123.1500; export 61548 2/5 LT case 123.15.,high,docs/seed/source/vendor-exports/context/catalog-prod-2026-09-19.json:942; docs/seed/source/vendor-exports/reports/2026-09-19-catalog-join.md:278; docs/seed/source/vendor-exports/normalized/pfg-purchase-history-2026-09-18.json:1146; docs/seed/source/vendor-exports/context/catalog-prod-2026-09-19.json:6083,false,Basis describes vendor purchasing denomination; vendor_price_history remains dollars per internal purchase root. Do not relabel or convert ledger prices merely by setting this column.
PB-054,price_basis,PFG,05d75891-7fff-436f-ba31-8d4b0689bc9f,Ground Beef,284013,"{""price_basis"":null,""latest_price_id"":""27553693-d8f0-40be-8a34-dacbd2c84e40"",""unit_price"":49.2,""pack_format"":""Each (no case)"",""units_per_pack"":1,""each_size"":160,""each_measure"":""oz""}",per_case,Catalog 49.2 x 1 internal roots/vendor case = 49.2000; export 284013 2/5 LB case 49.2.,high,docs/seed/source/vendor-exports/context/catalog-prod-2026-09-19.json:254; docs/seed/source/vendor-exports/reports/2026-09-19-catalog-join.md:244; docs/seed/source/vendor-exports/normalized/pfg-purchase-history-2026-09-18.json:1542; docs/seed/source/vendor-exports/context/catalog-prod-2026-09-19.json:5908,false,Basis describes vendor purchasing denomination; vendor_price_history remains dollars per internal purchase root. Do not relabel or convert ledger prices merely by setting this column.
PB-055,price_basis,PFG,90e58245-582e-467d-8453-ee5a9dc0c703,Ground Pork,474569,"{""price_basis"":null,""latest_price_id"":""1dd3887e-f7c1-491b-9d2b-d78454e69154"",""unit_price"":11.95,""pack_format"":""Each (no case)"",""units_per_pack"":1,""each_size"":80,""each_measure"":""oz""}",per_each,Catalog 11.95 x 2 internal roots/vendor case = 23.9000; export 474569 2/5 LB case 25.02.,medium,docs/seed/source/vendor-exports/context/catalog-prod-2026-09-19.json:2302; docs/seed/source/vendor-exports/reports/2026-09-19-catalog-join.md:265; docs/seed/source/vendor-exports/normalized/pfg-purchase-history-2026-09-18.json:1586; docs/seed/source/vendor-exports/context/catalog-prod-2026-09-19.json:5873,false,Basis describes vendor purchasing denomination; vendor_price_history remains dollars per internal purchase root. Do not relabel or convert ledger prices merely by setting this column.
PB-056,price_basis,PFG,47019996-2efb-4a32-9d8b-7383f3047021,Half Pint 8oz (hard),271779,"{""price_basis"":null,""latest_price_id"":""be474f5b-b049-5acd-aa7d-1eb1d6cafb91"",""unit_price"":34.65,""pack_format"":""Case"",""units_per_pack"":1,""each_size"":240,""each_measure"":""each""}",per_case,Catalog 34.65 x 1 internal roots/vendor case = 34.6500; export 271779 1/240 CT case 34.65.,high,docs/seed/source/vendor-exports/context/catalog-prod-2026-09-19.json:1182; docs/seed/source/vendor-exports/reports/2026-09-19-catalog-join.md:238; docs/seed/source/vendor-exports/normalized/pfg-purchase-history-2026-09-18.json:882; docs/seed/source/vendor-exports/context/catalog-prod-2026-09-19.json:6307,false,Basis describes vendor purchasing denomination; vendor_price_history remains dollars per internal purchase root. Do not relabel or convert ledger prices merely by setting this column.
PB-057,price_basis,PFG,804cb32d-ea68-4467-8479-b82f34a143a0,Ham,231710,"{""price_basis"":null,""latest_price_id"":""d7ee38bb-9800-55eb-a144-7a960fa25095"",""unit_price"":2.81,""pack_format"":""Each (no case)"",""units_per_pack"":1,""each_size"":16,""each_measure"":""oz""}",per_lb,Receipt/export 231710 bills 2.7263/lb. Catalog 2.81 per 16-oz root = 2.8100/lb; vendor rate x root pounds = 2.7263.,medium,docs/seed/source/vendor-exports/context/catalog-prod-2026-09-19.json:2062; docs/seed/source/vendor-exports/reports/2026-09-19-catalog-join.md:215; docs/seed/source/vendor-exports/normalized/pfg-purchase-history-2026-09-18.json:1564; docs/seed/source/vendor-exports/context/catalog-prod-2026-09-19.json:6363,false,Basis describes vendor purchasing denomination; vendor_price_history remains dollars per internal purchase root. Do not relabel or convert ledger prices merely by setting this column. Pounds-per-piece remain measured/estimated separately; fixed pack weight is not guaranteed for catch weight.
PB-058,price_basis,PFG,017a0f25-2ac1-4eb8-89f2-83a18d29889e,Heavy Cream,199406,"{""price_basis"":null,""latest_price_id"":""1a6f6a3c-f83a-5a30-a41c-1d4d0d07e310"",""unit_price"":46.32,""pack_format"":""Each (no case)"",""units_per_pack"":1,""each_size"":384,""each_measure"":""oz""}",per_case,Catalog 46.32 x 1 internal roots/vendor case = 46.3200; export 199406 12/32 OZ case 42.5.,medium,docs/seed/source/vendor-exports/context/catalog-prod-2026-09-19.json:142; docs/seed/source/vendor-exports/reports/2026-09-19-catalog-join.md:49; docs/seed/source/vendor-exports/normalized/pfg-purchase-history-2026-09-18.json:156; docs/seed/source/vendor-exports/context/catalog-prod-2026-09-19.json:5859,false,Basis describes vendor purchasing denomination; vendor_price_history remains dollars per internal purchase root. Do not relabel or convert ledger prices merely by setting this column.
PB-059,price_basis,PFG,1509fd6a-6092-4500-9323-2bb897d9e6e0,Honey,1014474,"{""price_basis"":null,""latest_price_id"":""9de8d5a1-41b1-45d6-a412-a6e724536ac7"",""unit_price"":17.77,""pack_format"":""Case"",""units_per_pack"":1,""each_size"":80,""each_measure"":""oz""}",per_case,Catalog 17.77 x 1 internal roots/vendor case = 17.7700; export 1014474 1/5 LB case 17.77.,high,docs/seed/source/vendor-exports/context/catalog-prod-2026-09-19.json:398; docs/seed/source/vendor-exports/reports/2026-09-19-catalog-join.md:146; docs/seed/source/vendor-exports/normalized/pfg-purchase-history-2026-09-18.json:970; docs/seed/source/vendor-exports/context/catalog-prod-2026-09-19.json:6216,false,Basis describes vendor purchasing denomination; vendor_price_history remains dollars per internal purchase root. Do not relabel or convert ledger prices merely by setting this column.
PB-060,price_basis,PFG,6f412776-bd4a-4eb7-8458-472e90e8167b,Horseradish,490122,"{""price_basis"":null,""latest_price_id"":""e99e42dd-8612-4f88-8899-0ed3624c1806"",""unit_price"":16.3,""pack_format"":""Case"",""units_per_pack"":1,""each_size"":128,""each_measure"":""oz""}",per_case,Catalog 16.3 x 1 internal roots/vendor case = 16.3000; export 490122 1/8 LB case 16.3.,high,docs/seed/source/vendor-exports/context/catalog-prod-2026-09-19.json:1806; docs/seed/source/vendor-exports/reports/2026-09-19-catalog-join.md:267; docs/seed/source/vendor-exports/normalized/pfg-purchase-history-2026-09-18.json:1520; docs/seed/source/vendor-exports/context/catalog-prod-2026-09-19.json:6433,false,Basis describes vendor purchasing denomination; vendor_price_history remains dollars per internal purchase root. Do not relabel or convert ledger prices merely by setting this column.
PB-061,price_basis,PFG,d88500d9-ae59-4807-ac3d-5542f35ca4f3,Iceberg,ICE1/5326426,"{""price_basis"":null,""latest_price_id"":""aea69c28-3cfc-54c4-ab4c-a700d11920c7"",""unit_price"":30.46,""pack_format"":""Case"",""units_per_pack"":24,""each_size"":1,""each_measure"":""each""}",per_case,"Pack-chain implication only: purchase root case, flat 24 x 1 each; catalog 30.46. No matching export/receipt price.",low,docs/seed/source/vendor-exports/context/catalog-prod-2026-09-19.json:3278; docs/seed/source/vendor-exports/reports/2026-09-19-catalog-join.md:317; docs/seed/source/vendor-exports/context/catalog-prod-2026-09-19.json:6258,false,Basis describes vendor purchasing denomination; vendor_price_history remains dollars per internal purchase root. Do not relabel or convert ledger prices merely by setting this column.
PB-062,price_basis,PFG,25eefff4-1434-4383-9414-70a097c40658,Kraft 12x9x13 (Large Bags),228850,"{""price_basis"":null,""latest_price_id"":""6e4b8476-5708-5cda-a461-1bda897f37d8"",""unit_price"":70.22,""pack_format"":""Case"",""units_per_pack"":1,""each_size"":200,""each_measure"":""each""}",per_case,Catalog 70.22 x 1 internal roots/vendor case = 70.2200; export 228850 200/1 EA case 65.02.,medium,docs/seed/source/vendor-exports/context/catalog-prod-2026-09-19.json:654; docs/seed/source/vendor-exports/reports/2026-09-19-catalog-join.md:209; docs/seed/source/vendor-exports/normalized/pfg-purchase-history-2026-09-18.json:530; docs/seed/source/vendor-exports/context/catalog-prod-2026-09-19.json:6097,false,Basis describes vendor purchasing denomination; vendor_price_history remains dollars per internal purchase root. Do not relabel or convert ledger prices merely by setting this column.
PB-063,price_basis,PFG,6004d43b-f624-4884-bdb2-5e195ebc6c87,Lemon Juice,495063,"{""price_basis"":null,""latest_price_id"":""19132fc0-c283-5250-a29c-3cff63af8eb9"",""unit_price"":32.7,""pack_format"":""Case"",""units_per_pack"":6,""each_size"":32,""each_measure"":""oz""}",per_case,"Internal 6 x 32 oz vs export 12 x 1 LT; 32.70 x 2 = 65.40 vs 62.66. A smaller case is plausible, not a proven reconciliation.",low,docs/seed/source/vendor-exports/context/catalog-prod-2026-09-19.json:1598; docs/seed/source/vendor-exports/reports/2026-09-19-catalog-join.md:268; docs/seed/source/vendor-exports/normalized/pfg-purchase-history-2026-09-18.json:90; docs/seed/source/vendor-exports/context/catalog-prod-2026-09-19.json:5852,true,Basis describes vendor purchasing denomination; vendor_price_history remains dollars per internal purchase root. Do not relabel or convert ledger prices merely by setting this column.
PB-064,price_basis,PFG,dbff905e-1086-43f5-bc07-f05bcadd0eb6,Mustard (Dijon),800233,"{""price_basis"":null,""latest_price_id"":""c0b7e993-b97c-46d7-add1-8835a529c459"",""unit_price"":20.39,""pack_format"":""Case"",""units_per_pack"":1,""each_size"":152,""each_measure"":""oz""}",per_case,Catalog 20.39 x 1 internal roots/vendor case = 20.3900; export 800233 1/9.5 LB case 20.39.,high,docs/seed/source/vendor-exports/context/catalog-prod-2026-09-19.json:3294; docs/seed/source/vendor-exports/reports/2026-09-19-catalog-join.md:284; docs/seed/source/vendor-exports/normalized/pfg-purchase-history-2026-09-18.json:992; docs/seed/source/vendor-exports/context/catalog-prod-2026-09-19.json:6314,false,Basis describes vendor purchasing denomination; vendor_price_history remains dollars per internal purchase root. Do not relabel or convert ledger prices merely by setting this column.
PB-065,price_basis,PFG,c8709801-3266-423a-aa3c-1e14c23f050e,Mustard (Whole),804091,"{""price_basis"":null,""latest_price_id"":""45e7e73a-a15f-4a96-9e17-8311f5fd4acd"",""unit_price"":18.98,""pack_format"":""Case"",""units_per_pack"":1,""each_size"":148.8,""each_measure"":""oz""}",per_case,Catalog 18.98 x 1 internal roots/vendor case = 18.9800; export 804091 1/9.3 LB case 18.98.,high,docs/seed/source/vendor-exports/context/catalog-prod-2026-09-19.json:3054; docs/seed/source/vendor-exports/reports/2026-09-19-catalog-join.md:285; docs/seed/source/vendor-exports/normalized/pfg-list-izzy-main-2026-09-18.json:1124; docs/seed/source/vendor-exports/context/catalog-prod-2026-09-19.json:5964,false,Basis describes vendor purchasing denomination; vendor_price_history remains dollars per internal purchase root. Do not relabel or convert ledger prices merely by setting this column.
PB-066,price_basis,PFG,56d40a78-80f0-4ec7-bb44-3ed2f81cc551,Natalie's Lemonade,1020546,"{""price_basis"":null,""latest_price_id"":""e7bf0496-edc1-43bf-814f-2c7bc50dd66a"",""unit_price"":10.63,""pack_format"":""Case"",""units_per_pack"":6,""each_size"":12,""each_measure"":""fl oz""}",per_case,Catalog 10.63 x 1 internal roots/vendor case = 10.6300; export 1020546 6/12 OZ case 10.63.,high,docs/seed/source/vendor-exports/context/catalog-prod-2026-09-19.json:1454; docs/seed/source/vendor-exports/reports/2026-09-19-catalog-join.md:198; docs/seed/source/vendor-exports/normalized/pfg-purchase-history-2026-09-18.json:24; docs/seed/source/vendor-exports/context/catalog-prod-2026-09-19.json:6426,false,Basis describes vendor purchasing denomination; vendor_price_history remains dollars per internal purchase root. Do not relabel or convert ledger prices merely by setting this column.
PB-067,price_basis,PFG,2a705f78-7ea1-409d-a15f-5f45040dac71,Old Bay,242869,"{""price_basis"":null,""latest_price_id"":""24e42f57-f416-43d6-8384-e6125ebfbc17"",""unit_price"":13.77,""pack_format"":""Case"",""units_per_pack"":1,""each_size"":24,""each_measure"":""oz""}",per_case,Catalog 13.77 x 1 internal roots/vendor case = 13.7700; export 242869 1/24 OZ case 13.77.,high,docs/seed/source/vendor-exports/context/catalog-prod-2026-09-19.json:718; docs/seed/source/vendor-exports/reports/2026-09-19-catalog-join.md:231; docs/seed/source/vendor-exports/normalized/pfg-list-izzy-main-2026-09-18.json:1520; docs/seed/source/vendor-exports/context/catalog-prod-2026-09-19.json:5901,false,Basis describes vendor purchasing denomination; vendor_price_history remains dollars per internal purchase root. Do not relabel or convert ledger prices merely by setting this column.
PB-068,price_basis,PFG,b99206db-21b4-4349-b69a-aac7bd2a69df,Olive Oil,247551,"{""price_basis"":null,""latest_price_id"":""d6e39fc7-8b3d-41ff-9ac9-b7b9ee54a2cc"",""unit_price"":31.24,""pack_format"":""Case"",""units_per_pack"":1,""each_size"":101.43,""each_measure"":""oz""}",per_each,Catalog 31.24 x 3.00035 internal roots/vendor case = 93.7311; export 247551 3/3 LT case 93.72.,high,docs/seed/source/vendor-exports/context/catalog-prod-2026-09-19.json:2814; docs/seed/source/vendor-exports/reports/2026-09-19-catalog-join.md:233; docs/seed/source/vendor-exports/normalized/pfg-purchase-history-2026-09-18.json:1014; docs/seed/source/vendor-exports/context/catalog-prod-2026-09-19.json:6356,false,Basis describes vendor purchasing denomination; vendor_price_history remains dollars per internal purchase root. Do not relabel or convert ledger prices merely by setting this column.
PB-069,price_basis,PFG,17422bb2-b29b-4a57-9c23-c53bd9d43403,Onion (White),898641,"{""price_basis"":null,""latest_price_id"":""eccfbbc4-d056-552d-ab05-cbdd55e2934e"",""unit_price"":35.33,""pack_format"":""Bag"",""units_per_pack"":1,""each_size"":800,""each_measure"":""oz""}",per_case,Catalog 35.33 x 1 internal roots/vendor case = 35.3300; export 898641 1/50 LB case 33.52.,medium,docs/seed/source/vendor-exports/context/catalog-prod-2026-09-19.json:494; docs/seed/source/vendor-exports/reports/2026-09-19-catalog-join.md:231; docs/seed/source/vendor-exports/normalized/pfg-purchase-history-2026-09-18.json:1696; docs/seed/source/vendor-exports/context/catalog-prod-2026-09-19.json:6454,false,Basis describes vendor purchasing denomination; vendor_price_history remains dollars per internal purchase root. Do not relabel or convert ledger prices merely by setting this column.
PB-070,price_basis,PFG,7e826df5-a12d-4883-bd90-3e8a3b387848,Onion (red),907425,"{""price_basis"":null,""latest_price_id"":""230a296e-e748-5424-a145-77d0694822de"",""unit_price"":11.11,""pack_format"":""Each (no case)"",""units_per_pack"":1,""each_size"":160,""each_measure"":""oz""}",per_case,"Vendor 907425 is a 25-lb case at 14.80; catalog is 10 lb at 11.11. No factor reconciles. Per-case is provisional, not permission to replace the 10-lb root.",low,docs/seed/source/vendor-exports/context/catalog-prod-2026-09-19.json:2046; docs/seed/source/vendor-exports/reports/2026-09-19-catalog-join.md:15; docs/seed/source/vendor-exports/normalized/pfg-purchase-history-2026-09-18.json:2070; docs/seed/source/vendor-exports/context/catalog-prod-2026-09-19.json:5894,true,Basis describes vendor purchasing denomination; vendor_price_history remains dollars per internal purchase root. Do not relabel or convert ledger prices merely by setting this column.
PB-071,price_basis,PFG,af9e5c96-027e-4300-ab2b-6f816cad821d,Onion Powder,326558,"{""price_basis"":null,""latest_price_id"":""45ee6236-4352-49ff-a750-f36f3b6ab5f3"",""unit_price"":6.65,""pack_format"":""jug"",""units_per_pack"":1,""each_size"":80,""each_measure"":""oz""}",per_each,6.65 x 5 = 33.25 export case; implies one pound but current chain is 80 oz. Denominator conflict must be resolved before basis is approved.,low,docs/seed/source/vendor-exports/context/catalog-prod-2026-09-19.json:2718; docs/seed/source/vendor-exports/reports/2026-09-19-catalog-join.md:14; docs/seed/source/vendor-exports/normalized/pfg-purchase-history-2026-09-18.json:1454; docs/seed/source/vendor-exports/context/catalog-prod-2026-09-19.json:5971,true,Basis describes vendor purchasing denomination; vendor_price_history remains dollars per internal purchase root. Do not relabel or convert ledger prices merely by setting this column.
PB-072,price_basis,PFG,508ae1c1-6648-4e87-8941-3b3a35e085b9,Oregano,261432,"{""price_basis"":null,""latest_price_id"":""09c36998-e98a-499c-8032-ed3da0d176ea"",""unit_price"":4.5,""pack_format"":""jug"",""units_per_pack"":1,""each_size"":96,""each_measure"":""oz""}",per_case,Vendor 1/5 LB costs 55.27; proposed price-conflict winner is per-case. Current 4.50/96-oz root does not reconcile. Conditional on PC pack/price ruling.,low,docs/seed/source/vendor-exports/context/catalog-prod-2026-09-19.json:1310; docs/seed/source/vendor-exports/reports/2026-09-19-catalog-join.md:13; docs/seed/source/vendor-exports/normalized/pfg-purchase-history-2026-09-18.json:1234; docs/seed/source/vendor-exports/context/catalog-prod-2026-09-19.json:5817,true,Basis describes vendor purchasing denomination; vendor_price_history remains dollars per internal purchase root. Do not relabel or convert ledger prices merely by setting this column.
PB-073,price_basis,PFG,56d8678f-2f55-4e33-97e4-745434375941,Panko (Japanese),32728,"{""price_basis"":null,""latest_price_id"":""72ff32d3-700b-55ca-a9a3-c8d009dd3d30"",""unit_price"":21.72,""pack_format"":""Case"",""units_per_pack"":1,""each_size"":320,""each_measure"":""oz""}",per_case,Internal 20 lb vs export 25 lb; 21.72 x 25/20 = 27.15 vs 26.74. Pack revision requires review.,low,docs/seed/source/vendor-exports/context/catalog-prod-2026-09-19.json:1470; docs/seed/source/vendor-exports/reports/2026-09-19-catalog-join.md:251; docs/seed/source/vendor-exports/normalized/pfg-purchase-history-2026-09-18.json:1058; docs/seed/source/vendor-exports/context/catalog-prod-2026-09-19.json:6104,true,Basis describes vendor purchasing denomination; vendor_price_history remains dollars per internal purchase root. Do not relabel or convert ledger prices merely by setting this column.
PB-074,price_basis,PFG,8fd6eb5f-fa44-4f1f-a807-2dd97e96321d,Paper Deli Sheets (Wax Paper),427652,"{""price_basis"":null,""latest_price_id"":""3d0811f2-cbc2-5c84-a4c9-3281f3f3ee2a"",""unit_price"":8.97,""pack_format"":""Case"",""units_per_pack"":1,""each_size"":500,""each_measure"":""each""}",per_case,Catalog 8.97 x 1 internal roots/vendor case = 8.9700; export 427652 1/500 CT case 8.97.,high,docs/seed/source/vendor-exports/context/catalog-prod-2026-09-19.json:2270; docs/seed/source/vendor-exports/reports/2026-09-19-catalog-join.md:258; docs/seed/source/vendor-exports/normalized/pfg-purchase-history-2026-09-18.json:794; docs/seed/source/vendor-exports/context/catalog-prod-2026-09-19.json:5957,false,Basis describes vendor purchasing denomination; vendor_price_history remains dollars per internal purchase root. Do not relabel or convert ledger prices merely by setting this column.
PB-075,price_basis,PFG,0428489d-a980-4389-aace-3abd7c4d0a86,Parmesan (Grated),232190,"{""price_basis"":null,""latest_price_id"":""0226604f-85c5-4551-8381-3bf0a1f6d2c4"",""unit_price"":76.03,""pack_format"":""Case"",""units_per_pack"":4,""each_size"":80,""each_measure"":""oz""}",per_case,Catalog 76.03 x 1 internal roots/vendor case = 76.0300; export 232190 4/5 LB case 76.74. Factor is provisional; pack dimensions do not prove this conversion.,medium,docs/seed/source/vendor-exports/context/catalog-prod-2026-09-19.json:206; docs/seed/source/vendor-exports/reports/2026-09-19-catalog-join.md:215; docs/seed/source/vendor-exports/normalized/pfg-purchase-history-2026-09-18.json:354; docs/seed/source/vendor-exports/context/catalog-prod-2026-09-19.json:5789,false,Basis describes vendor purchasing denomination; vendor_price_history remains dollars per internal purchase root. Do not relabel or convert ledger prices merely by setting this column.
PB-076,price_basis,PFG,84bbed49-1acd-409c-ab63-bec827beb51a,Parsley,310169,"{""price_basis"":null,""latest_price_id"":""0c66a493-8c04-4441-93c7-f5a747cac491"",""unit_price"":15.2,""pack_format"":""Each (no case)"",""units_per_pack"":1,""each_size"":22.4,""each_measure"":""oz""}",per_case,"15.20 exactly matches vendor 1-lb case, but current root is 22.4 oz. DL proposes 16-oz historical source contents for review.",medium,docs/seed/source/vendor-exports/context/catalog-prod-2026-09-19.json:2110; docs/seed/source/vendor-exports/reports/2026-09-19-catalog-join.md:247; docs/seed/source/vendor-exports/normalized/pfg-purchase-history-2026-09-18.json:1828; docs/seed/source/vendor-exports/context/catalog-prod-2026-09-19.json:5824,false,Basis describes vendor purchasing denomination; vendor_price_history remains dollars per internal purchase root. Do not relabel or convert ledger prices merely by setting this column.
PB-077,price_basis,PFG,2b36cfe8-06cb-46cf-b5d2-7f30abacc498,Quart (Large),,"{""price_basis"":null,""latest_price_id"":""83b1eb01-fcac-50e7-a255-4c2cca29ffc0"",""unit_price"":63.71,""pack_format"":""Case"",""units_per_pack"":1,""each_size"":240,""each_measure"":""each""}",per_case,"Pack-chain implication only: purchase root case, flat 1 x 240 each; catalog 63.71. No matching export/receipt price.",low,docs/seed/source/vendor-exports/context/catalog-prod-2026-09-19.json:750; docs/seed/source/vendor-exports/reports/2026-09-19-catalog-join.md:270; docs/seed/source/vendor-exports/context/catalog-prod-2026-09-19.json:6132,false,Basis describes vendor purchasing denomination; vendor_price_history remains dollars per internal purchase root. Do not relabel or convert ledger prices merely by setting this column.
PB-078,price_basis,PFG,60430c13-738f-4783-9c08-f8143253a46f,Reciept Paper (thermal),1011935,"{""price_basis"":null,""latest_price_id"":""99a2c364-6bd0-573b-aeab-7e027e3b5e94"",""unit_price"":96.91,""pack_format"":""Case"",""units_per_pack"":1,""each_size"":50,""each_measure"":""each""}",per_case,Catalog 96.91 x 1 internal roots/vendor case = 96.9100; export 1011935 1/50 EA case 100.18.,medium,docs/seed/source/vendor-exports/context/catalog-prod-2026-09-19.json:1646; docs/seed/source/vendor-exports/reports/2026-09-19-catalog-join.md:196; docs/seed/source/vendor-exports/normalized/pfg-purchase-history-2026-09-18.json:662; docs/seed/source/vendor-exports/context/catalog-prod-2026-09-19.json:6202,false,Basis describes vendor purchasing denomination; vendor_price_history remains dollars per internal purchase root. Do not relabel or convert ledger prices merely by setting this column.
PB-079,price_basis,PFG,541c2e67-a30f-4189-964c-8d17634b6506,Red wine vinegar,434903,"{""price_basis"":null,""latest_price_id"":""837f17c0-daf3-4ba0-bb44-62c1d3ab8372"",""unit_price"":35.65,""pack_format"":""Case"",""units_per_pack"":4,""each_size"":128,""each_measure"":""oz""}",per_case,Catalog 35.65 x 1 internal roots/vendor case = 35.6500; export 434903 4/1 GA case 36.76.,medium,docs/seed/source/vendor-exports/context/catalog-prod-2026-09-19.json:1374; docs/seed/source/vendor-exports/reports/2026-09-19-catalog-join.md:259; docs/seed/source/vendor-exports/normalized/pfg-purchase-history-2026-09-18.json:1278; docs/seed/source/vendor-exports/context/catalog-prod-2026-09-19.json:6125,false,Basis describes vendor purchasing denomination; vendor_price_history remains dollars per internal purchase root. Do not relabel or convert ledger prices merely by setting this column.
PB-080,price_basis,PFG,a55ef47b-f139-4607-a7d2-cde275e71009,Ricotta,138065,"{""price_basis"":null,""latest_price_id"":""6d7337ad-1e88-46b7-9ec3-ef69682aa36c"",""unit_price"":34.1,""pack_format"":""Case"",""units_per_pack"":1,""each_size"":160,""each_measure"":""oz""}",per_each,"34.10 x 2 = 68.20 vs export 68.19; internal 10-lb unit is TWO 5-lb tubs, not one vendor each. Column alone cannot express this factor.",low,docs/seed/source/vendor-exports/context/catalog-prod-2026-09-19.json:2558; docs/seed/source/vendor-exports/reports/2026-09-19-catalog-join.md:201; docs/seed/source/vendor-exports/normalized/pfg-purchase-history-2026-09-18.json:266; docs/seed/source/vendor-exports/context/catalog-prod-2026-09-19.json:6090,true,Basis describes vendor purchasing denomination; vendor_price_history remains dollars per internal purchase root. Do not relabel or convert ledger prices merely by setting this column.
PB-081,price_basis,PFG,2f3cdefe-5fac-4ce5-b11e-a01bb7ede664,Roasted Red Peppers,231908,"{""price_basis"":null,""latest_price_id"":""f6ec1e00-5039-4e2a-9d6f-214dea4d293a"",""unit_price"":49.81,""pack_format"":""Case"",""units_per_pack"":6,""each_size"":1,""each_measure"":""can""}",per_case,Catalog 49.81 x 1 internal roots/vendor case = 49.8100; export 231908 6/#10 CN case 49.81.,high,docs/seed/source/vendor-exports/context/catalog-prod-2026-09-19.json:830; docs/seed/source/vendor-exports/reports/2026-09-19-catalog-join.md:217; docs/seed/source/vendor-exports/normalized/pfg-purchase-history-2026-09-18.json:1322; docs/seed/source/vendor-exports/context/catalog-prod-2026-09-19.json:6489,false,Basis describes vendor purchasing denomination; vendor_price_history remains dollars per internal purchase root. Do not relabel or convert ledger prices merely by setting this column.
PB-082,price_basis,PFG,b69d26ff-551d-4bdf-93ca-441c5c5436cf,Salt,804708,"{""price_basis"":null,""latest_price_id"":""a2022e89-516c-42e5-a957-553186b4e0e9"",""unit_price"":6.98,""pack_format"":""Box"",""units_per_pack"":1,""each_size"":48,""each_measure"":""oz""}",per_each,Catalog 6.98 x 9 internal roots/vendor case = 62.8200; export 804708 9/3 LB case 62.83.,high,docs/seed/source/vendor-exports/context/catalog-prod-2026-09-19.json:2766; docs/seed/source/vendor-exports/reports/2026-09-19-catalog-join.md:286; docs/seed/source/vendor-exports/normalized/pfg-purchase-history-2026-09-18.json:1168; docs/seed/source/vendor-exports/context/catalog-prod-2026-09-19.json:6230,false,Basis describes vendor purchasing denomination; vendor_price_history remains dollars per internal purchase root. Do not relabel or convert ledger prices merely by setting this column.
PB-083,price_basis,PFG,6016302f-dcf0-458c-88ab-13a001608a15,Saratoga,1292481,"{""price_basis"":null,""latest_price_id"":""f1df984f-9556-4863-8118-d248bd495a23"",""unit_price"":24.86,""pack_format"":""Case"",""units_per_pack"":24,""each_size"":12,""each_measure"":""fl oz""}",per_case,"Pack-chain implication only: purchase root case, flat 24 x 12 fl oz; catalog 24.86. No matching export/receipt price.",low,docs/seed/source/vendor-exports/context/catalog-prod-2026-09-19.json:1614; docs/seed/source/vendor-exports/reports/2026-09-19-catalog-join.md:313; docs/seed/source/vendor-exports/context/catalog-prod-2026-09-19.json:6482,false,Basis describes vendor purchasing denomination; vendor_price_history remains dollars per internal purchase root. Do not relabel or convert ledger prices merely by setting this column.
PB-084,price_basis,PFG,c6ee7005-d995-486b-89ce-c74fd2a8abe5,Shredded Mozz,1715,"{""price_basis"":null,""latest_price_id"":""cbcc084d-5d31-5330-a719-8f843c4e9229"",""unit_price"":14.11,""pack_format"":""Bag"",""units_per_pack"":1,""each_size"":80,""each_measure"":""oz""}",per_each,Catalog 14.11 x 6 internal roots/vendor case = 84.6600; export 1715 6/5 LB case 75.92.,medium,docs/seed/source/vendor-exports/context/catalog-prod-2026-09-19.json:3006; docs/seed/source/vendor-exports/reports/2026-09-19-catalog-join.md:204; docs/seed/source/vendor-exports/normalized/pfg-list-comp-only-opening-2026-09-18.json:860; docs/seed/source/vendor-exports/context/catalog-prod-2026-09-19.json:6342,false,Basis describes vendor purchasing denomination; vendor_price_history remains dollars per internal purchase root. Do not relabel or convert ledger prices merely by setting this column.
PB-085,price_basis,PFG,55f71966-dd29-4712-aed4-987144519b30,Sour Cream,247189,"{""price_basis"":null,""latest_price_id"":""06e8815e-285a-4db1-a016-6aabf5be99a9"",""unit_price"":8.1,""pack_format"":""Case"",""units_per_pack"":1,""each_size"":80,""each_measure"":""oz""}",per_case,Catalog 8.1 x 1 internal roots/vendor case = 8.1000; export 247189 1/5 LB case 8.1.,high,docs/seed/source/vendor-exports/context/catalog-prod-2026-09-19.json:1438; docs/seed/source/vendor-exports/reports/2026-09-19-catalog-join.md:232; docs/seed/source/vendor-exports/normalized/pfg-purchase-history-2026-09-18.json:178; docs/seed/source/vendor-exports/context/catalog-prod-2026-09-19.json:5803,false,Basis describes vendor purchasing denomination; vendor_price_history remains dollars per internal purchase root. Do not relabel or convert ledger prices merely by setting this column.
PB-086,price_basis,PFG,170482dc-b11f-4aa8-b10d-3ad65b202a99,Thyme,855509,"{""price_basis"":null,""latest_price_id"":""eafb11e7-6d34-4cfa-a3ea-c4487dcd2b53"",""unit_price"":16.54,""pack_format"":""Case"",""units_per_pack"":1,""each_size"":7.52,""each_measure"":""oz""}",per_case,"16.54 exactly matches vendor 4-oz case, but current root is 7.52 oz. DL proposes 4-oz historical source contents for review.",medium,docs/seed/source/vendor-exports/context/catalog-prod-2026-09-19.json:462; docs/seed/source/vendor-exports/reports/2026-09-19-catalog-join.md:16; docs/seed/source/vendor-exports/normalized/pfg-purchase-history-2026-09-18.json:1850; docs/seed/source/vendor-exports/context/catalog-prod-2026-09-19.json:6440,false,Basis describes vendor purchasing denomination; vendor_price_history remains dollars per internal purchase root. Do not relabel or convert ledger prices merely by setting this column.
PB-087,price_basis,PFG,d587fa4b-bae4-4d97-84ef-102b8b44d9a9,Tomato Paste,231869,"{""price_basis"":null,""latest_price_id"":""e2e61257-a5cf-4a3d-8fee-90b36891030c"",""unit_price"":54.56,""pack_format"":""Case"",""units_per_pack"":6,""each_size"":1,""each_measure"":""can""}",per_case,Catalog 54.56 x 1 internal roots/vendor case = 54.5600; export 231869 6/#10 CN case 55.5.,high,docs/seed/source/vendor-exports/context/catalog-prod-2026-09-19.json:3214; docs/seed/source/vendor-exports/reports/2026-09-19-catalog-join.md:216; docs/seed/source/vendor-exports/normalized/pfg-purchase-history-2026-09-18.json:1256; docs/seed/source/vendor-exports/context/catalog-prod-2026-09-19.json:6419,false,Basis describes vendor purchasing denomination; vendor_price_history remains dollars per internal purchase root. Do not relabel or convert ledger prices merely by setting this column.
PB-088,price_basis,PFG,9fcd86c2-77af-482e-8ccc-d07167aad795,Tomatoes,878065,"{""price_basis"":null,""latest_price_id"":""1d198781-2aea-54f1-a5d4-b9c7bed1e497"",""unit_price"":33.14,""pack_format"":""Case"",""units_per_pack"":1,""each_size"":400,""each_measure"":""oz""}",per_case,Catalog 33.14 x 1 internal roots/vendor case = 33.1400; export 878065 1/25 LB case 38.17.,medium,docs/seed/source/vendor-exports/context/catalog-prod-2026-09-19.json:2478; docs/seed/source/vendor-exports/reports/2026-09-19-catalog-join.md:300; docs/seed/source/vendor-exports/normalized/pfg-purchase-history-2026-09-18.json:1872; docs/seed/source/vendor-exports/context/catalog-prod-2026-09-19.json:5866,false,Basis describes vendor purchasing denomination; vendor_price_history remains dollars per internal purchase root. Do not relabel or convert ledger prices merely by setting this column.
PB-089,price_basis,PFG,093ddb58-feb3-46c4-9c22-469aedc84f73,Tomatoes Crushed (10#),844771,"{""price_basis"":null,""latest_price_id"":""60bef525-1c6b-50e2-ace9-e98660cd8f39"",""unit_price"":36.48,""pack_format"":""Case"",""units_per_pack"":6,""each_size"":1,""each_measure"":""can""}",per_case,Catalog 36.48 x 1 internal roots/vendor case = 36.4800; export 844771 6/#10 CN case 38.25.,medium,docs/seed/source/vendor-exports/context/catalog-prod-2026-09-19.json:270; docs/seed/source/vendor-exports/reports/2026-09-19-catalog-join.md:135; docs/seed/source/vendor-exports/normalized/pfg-purchase-history-2026-09-18.json:1124; docs/seed/source/vendor-exports/context/catalog-prod-2026-09-19.json:6048,false,Basis describes vendor purchasing denomination; vendor_price_history remains dollars per internal purchase root. Do not relabel or convert ledger prices merely by setting this column.
PB-090,price_basis,PFG,f0e8a841-5841-4f96-a107-c74033e4cf88,Tuna,SEA2,"{""price_basis"":null,""latest_price_id"":""87ead985-2a66-477d-bb72-ebeeaf845006"",""unit_price"":11.99,""pack_format"":""Each (no case)"",""units_per_pack"":1,""each_size"":66.6,""each_measure"":""oz""}",per_each,"Pack-chain implication only: purchase root container, flat 1 x 66.6 oz; catalog 11.99. No matching export/receipt price.",low,docs/seed/source/vendor-exports/context/catalog-prod-2026-09-19.json:3598; docs/seed/source/vendor-exports/reports/2026-09-19-catalog-join.md:320; docs/seed/source/vendor-exports/context/catalog-prod-2026-09-19.json:6139,false,Basis describes vendor purchasing denomination; vendor_price_history remains dollars per internal purchase root. Do not relabel or convert ledger prices merely by setting this column.
PB-091,price_basis,PFG,8e00d1d8-5e9b-4410-b4d2-fca1971bc34f,Watermelon Radish,299885,"{""price_basis"":null,""latest_price_id"":""94321bea-a4ce-4fcf-be06-9cada3c0843c"",""unit_price"":24.02,""pack_format"":""Bag"",""units_per_pack"":1,""each_size"":160,""each_measure"":""oz""}",per_case,Catalog 24.02 x 1 internal roots/vendor case = 24.0200; export 299885 1/10 LB case 26.82. Factor is provisional; pack dimensions do not prove this conversion.,medium,docs/seed/source/vendor-exports/context/catalog-prod-2026-09-19.json:2254; docs/seed/source/vendor-exports/reports/2026-09-19-catalog-join.md:246; docs/seed/source/vendor-exports/normalized/pfg-purchase-history-2026-09-18.json:1938; docs/seed/source/vendor-exports/context/catalog-prod-2026-09-19.json:6195,false,Basis describes vendor purchasing denomination; vendor_price_history remains dollars per internal purchase root. Do not relabel or convert ledger prices merely by setting this column.
PB-092,price_basis,US Foods,d0ae6c94-26e8-48a7-9b73-857d4428270a,Dried Chives,,"{""price_basis"":null,""latest_price_id"":""eb774875-8206-42f0-a6b1-ec12fc1aafee"",""unit_price"":9.72,""pack_format"":""case"",""units_per_pack"":6,""each_size"":1.12,""each_measure"":""oz""}",per_case,"Pack-chain implication only: purchase root case, flat 6 x 1.12 oz; catalog 9.72. No matching export/receipt price.",low,docs/seed/source/vendor-exports/context/catalog-prod-2026-09-19.json:3150; docs/seed/source/vendor-exports/reports/2026-09-19-catalog-join.md:708; docs/seed/source/vendor-exports/context/catalog-prod-2026-09-19.json:6447,false,Basis describes vendor purchasing denomination; vendor_price_history remains dollars per internal purchase root. Do not relabel or convert ledger prices merely by setting this column.
IN-001,item_number,Amazon,f88ef594-2981-4267-9ea4-678864f25f6f,Circle Label Stickers,,"{""guide_line_id"":""ea1ff834-b79a-47ed-af69-0aa5a82d785c"",""item_number"":null}",,Guide label 'Circle Label Stickers'; no same-vendor description match in supplied corpus,low,docs/seed/source/vendor-exports/context/catalog-prod-2026-09-19.json:3710; docs/seed/source/vendor-exports/reports/2026-09-19-catalog-join.md:29; docs/seed/source/vendor-exports/context/catalog-prod-2026-09-19.json:8094; docs/seed/source/vendor-exports/reports/2026-09-19-catalog-join.md:786,false,no vendor number exists
IN-002,item_number,Amazon,5c005d9d-b3ad-493f-99f1-28b3fd883a5e,Sharpies,,"{""guide_line_id"":""128a2da4-7ed4-45c2-a160-ff070c9d519d"",""item_number"":null}",,Guide label 'Sharpies'; no same-vendor description match in supplied corpus,low,docs/seed/source/vendor-exports/context/catalog-prod-2026-09-19.json:1534; docs/seed/source/vendor-exports/reports/2026-09-19-catalog-join.md:25; docs/seed/source/vendor-exports/context/catalog-prod-2026-09-19.json:6807; docs/seed/source/vendor-exports/reports/2026-09-19-catalog-join.md:787,false,no vendor number exists
IN-003,item_number,Amazon,d67b13b7-a63e-4901-bef3-cdaf76d6bf19,Staples,,"{""guide_line_id"":""54dae616-8370-4da5-8e73-746812bdb351"",""item_number"":null}",,Guide label 'Staples'; no same-vendor description match in supplied corpus,low,docs/seed/source/vendor-exports/context/catalog-prod-2026-09-19.json:3230; docs/seed/source/vendor-exports/reports/2026-09-19-catalog-join.md:28; docs/seed/source/vendor-exports/context/catalog-prod-2026-09-19.json:7248; docs/seed/source/vendor-exports/reports/2026-09-19-catalog-join.md:788,false,no vendor number exists
IN-004,item_number,Amazon,8b1a5799-8ace-47c2-ab54-73d940288989,Fruity Pebbles,,"{""guide_line_id"":""ae72b1dd-a890-47f7-b2c5-28c6776c7294"",""item_number"":null}",,Guide label 'Fruity Pebbles'; no same-vendor description match in supplied corpus,low,docs/seed/source/vendor-exports/context/catalog-prod-2026-09-19.json:2174; docs/seed/source/vendor-exports/reports/2026-09-19-catalog-join.md:27; docs/seed/source/vendor-exports/context/catalog-prod-2026-09-19.json:7743; docs/seed/source/vendor-exports/reports/2026-09-19-catalog-join.md:789,false,no vendor number exists
IN-005,item_number,Baldor,8175a393-5d1a-4354-8a78-75eb4b3fc8ac,Cannoli Shell,,"{""guide_line_id"":""25f6e767-37c8-4d69-900a-38fc8889b5e5"",""item_number"":null}",,Guide label 'Cannoli Shell'; no same-vendor description match in supplied corpus,low,docs/seed/source/vendor-exports/context/catalog-prod-2026-09-19.json:2078; docs/seed/source/vendor-exports/reports/2026-09-19-catalog-join.md:51; docs/seed/source/vendor-exports/context/catalog-prod-2026-09-19.json:6915; docs/seed/source/vendor-exports/reports/2026-09-19-catalog-join.md:790,false,"No matching same-vendor receipt/export description; leave null, not proof no number exists."
IN-006,item_number,Baldor,c35dfb4f-492a-43e9-8551-3a0558b695f7,Fresh Mozzarella,,"{""guide_line_id"":""33b8eac9-777d-4a48-a149-e3db538761cb"",""item_number"":null}",,Guide label 'Fresh Mozzarella'; no same-vendor description match in supplied corpus,low,docs/seed/source/vendor-exports/context/catalog-prod-2026-09-19.json:2942; docs/seed/source/vendor-exports/reports/2026-09-19-catalog-join.md:58; docs/seed/source/vendor-exports/context/catalog-prod-2026-09-19.json:7023; docs/seed/source/vendor-exports/reports/2026-09-19-catalog-join.md:792,false,"No matching same-vendor receipt/export description; leave null, not proof no number exists."
IN-007,item_number,Baldor,15944b2d-881b-419e-bcdb-8d8c5412de5a,Ham,,"{""guide_line_id"":""2710fbc8-381d-4e27-a157-6ab6ac3bd385"",""item_number"":null}",,Guide label 'Ham'; no same-vendor description match in supplied corpus,low,docs/seed/source/vendor-exports/context/catalog-prod-2026-09-19.json:414; docs/seed/source/vendor-exports/reports/2026-09-19-catalog-join.md:42; docs/seed/source/vendor-exports/context/catalog-prod-2026-09-19.json:6924; docs/seed/source/vendor-exports/reports/2026-09-19-catalog-join.md:793,false,"No matching same-vendor receipt/export description; leave null, not proof no number exists."
IN-008,item_number,Baldor,8cbebce5-b2e5-4da4-8a17-17a2d756ec12,Lettuce,,"{""guide_line_id"":""b2b013cc-657c-4534-b680-c909793daf31"",""item_number"":null}",ICE1,Guide label 'Lettuce'; receipt ICE1 ICEBERG CELLO 24 CT,low,docs/seed/source/vendor-exports/context/catalog-prod-2026-09-19.json:2206; docs/seed/source/vendor-exports/reports/2026-09-19-catalog-join.md:53; docs/seed/source/vendor-exports/normalized/receipts-receipts-2026-09-18-batch1.json:181; docs/seed/source/vendor-exports/context/catalog-prod-2026-09-19.json:7779; docs/seed/source/vendor-exports/reports/2026-09-19-catalog-join.md:794,true,Generic Lettuce may mean iceberg; catalog 15 x 15 oz differs from invoice 24 heads. Tentative only; confirm product before attaching.
IN-009,item_number,Baldor,393d974f-fad6-4d62-b137-e09024c491c6,Onions,,"{""guide_line_id"":""56f8b708-ed91-4f6c-b8fa-5e508f510b74"",""item_number"":null}",,Guide label 'Onions'; no same-vendor description match in supplied corpus,low,docs/seed/source/vendor-exports/context/catalog-prod-2026-09-19.json:990; docs/seed/source/vendor-exports/reports/2026-09-19-catalog-join.md:44; docs/seed/source/vendor-exports/context/catalog-prod-2026-09-19.json:7284; docs/seed/source/vendor-exports/reports/2026-09-19-catalog-join.md:795,false,"No matching same-vendor receipt/export description; leave null, not proof no number exists."
IN-010,item_number,Baldor,c7df2c08-bf91-4d04-aa8c-55b2dd82b382,Salami,,"{""guide_line_id"":""e1ea2f1d-c786-4228-92c4-75a85bc663bd"",""item_number"":null}",,Guide label 'Salami'; no same-vendor description match in supplied corpus,low,docs/seed/source/vendor-exports/context/catalog-prod-2026-09-19.json:3022; docs/seed/source/vendor-exports/reports/2026-09-19-catalog-join.md:59; docs/seed/source/vendor-exports/context/catalog-prod-2026-09-19.json:8013; docs/seed/source/vendor-exports/reports/2026-09-19-catalog-join.md:796,false,"No matching same-vendor receipt/export description; leave null, not proof no number exists."
IN-011,item_number,Baldor,55f46c10-c8d9-4a4e-aeaa-f0f6526d1e84,White Cheddar,,"{""guide_line_id"":""9672a892-410a-417c-b664-b851b0a60a6d"",""item_number"":null}",,Guide label 'White Cheddar'; no same-vendor description match in supplied corpus,low,docs/seed/source/vendor-exports/context/catalog-prod-2026-09-19.json:1422; docs/seed/source/vendor-exports/reports/2026-09-19-catalog-join.md:49; docs/seed/source/vendor-exports/context/catalog-prod-2026-09-19.json:7545; docs/seed/source/vendor-exports/reports/2026-09-19-catalog-join.md:797,false,"No matching same-vendor receipt/export description; leave null, not proof no number exists."
IN-012,item_number,Boar's Head,ca3cc47c-51a7-4306-b11f-6e2e90971c8d,Turkey,,"{""guide_line_id"":""d6df5577-2376-4a74-8e41-c07b4d3f173a"",""item_number"":null}",278,Guide label 'Turkey'; receipt 278 OVENGOLD TURKEY,high,docs/seed/source/vendor-exports/context/catalog-prod-2026-09-19.json:3086; docs/seed/source/vendor-exports/reports/2026-09-19-catalog-join.md:81; docs/seed/source/vendor-exports/normalized/receipts-receipts-2026-09-18-batch2.json:186; docs/seed/source/vendor-exports/context/catalog-prod-2026-09-19.json:7914; docs/seed/source/vendor-exports/reports/2026-09-19-catalog-join.md:798,false,Description match to existing guide label; attach to vendor_items only. Preserve guide position and label.
IN-013,item_number,Boar's Head,c94d6c52-9005-49db-a00a-90b4b7ef50fb,Bacon,,"{""guide_line_id"":""bb6860d2-d444-469c-b955-d410b25ef585"",""item_number"":null}",546,Guide label 'Bacon'; receipt 546 IMP LAYER BACON 12/14,high,docs/seed/source/vendor-exports/context/catalog-prod-2026-09-19.json:3070; docs/seed/source/vendor-exports/reports/2026-09-19-catalog-join.md:79; docs/seed/source/vendor-exports/normalized/receipts-receipts-2026-09-18-batch2.json:122; docs/seed/source/vendor-exports/context/catalog-prod-2026-09-19.json:7815; docs/seed/source/vendor-exports/reports/2026-09-19-catalog-join.md:799,false,Description match to existing guide label; attach to vendor_items only. Preserve guide position and label.
IN-014,item_number,Boar's Head,313fdc2e-20e4-48fa-a473-89027b68639b,Genoa,,"{""guide_line_id"":""f0d58d9a-55ae-4f35-a9fb-3b2952c004a5"",""item_number"":null}",505,Guide label 'Genoa'; receipt 505 DILANDRI GENOA SALAME,high,docs/seed/source/vendor-exports/context/catalog-prod-2026-09-19.json:878; docs/seed/source/vendor-exports/reports/2026-09-19-catalog-join.md:82; docs/seed/source/vendor-exports/normalized/receipts-receipts-2026-09-18-batch2.json:218; docs/seed/source/vendor-exports/context/catalog-prod-2026-09-19.json:8130; docs/seed/source/vendor-exports/reports/2026-09-19-catalog-join.md:800,false,Description match to existing guide label; attach to vendor_items only. Preserve guide position and label.
IN-015,item_number,Boar's Head,7d0481f5-df88-49f2-addb-ff96c7cc1024,Prosciutto,,"{""guide_line_id"":""42bcbc2a-3221-4ddf-ac56-614e22dbe101"",""item_number"":null}",,Guide label 'Prosciutto'; no same-vendor description match in supplied corpus,low,docs/seed/source/vendor-exports/context/catalog-prod-2026-09-19.json:1998; docs/seed/source/vendor-exports/reports/2026-09-19-catalog-join.md:108; docs/seed/source/vendor-exports/context/catalog-prod-2026-09-19.json:7149; docs/seed/source/vendor-exports/reports/2026-09-19-catalog-join.md:801,false,"No matching same-vendor receipt/export description; leave null, not proof no number exists."
IN-016,item_number,Boar's Head,9eced455-d0c2-4b2f-8884-4b741d4d1edf,Pepperoni,,"{""guide_line_id"":""67e6bb11-be6e-41d5-9b26-f3c985f8018e"",""item_number"":null}",558,Guide label 'Pepperoni'; receipt 558 Pepperoni Slicing,high,docs/seed/source/vendor-exports/context/catalog-prod-2026-09-19.json:2462; docs/seed/source/vendor-exports/reports/2026-09-19-catalog-join.md:83; docs/seed/source/vendor-exports/normalized/receipts-receipts-2026-09-18-batch2.json:250; docs/seed/source/vendor-exports/context/catalog-prod-2026-09-19.json:7383; docs/seed/source/vendor-exports/reports/2026-09-19-catalog-join.md:802,false,Description match to existing guide label; attach to vendor_items only. Preserve guide position and label.
IN-017,item_number,Boar's Head,e886552d-ba06-4932-9f38-1580aea0beee,Capicola,,"{""guide_line_id"":""c993634d-d2a0-472d-b6a8-130ae1c02fc6"",""item_number"":null}",137,Guide label 'Capicola'; receipt 137 HOT BUTT CAPPY,high,docs/seed/source/vendor-exports/context/catalog-prod-2026-09-19.json:3470; docs/seed/source/vendor-exports/reports/2026-09-19-catalog-join.md:80; docs/seed/source/vendor-exports/normalized/receipts-receipts-2026-09-18-batch2.json:154; docs/seed/source/vendor-exports/context/catalog-prod-2026-09-19.json:7878; docs/seed/source/vendor-exports/reports/2026-09-19-catalog-join.md:803,false,Description match to existing guide label; attach to vendor_items only. Preserve guide position and label.
IN-018,item_number,Boar's Head,8a2297e2-2121-4a02-9234-e46e1af2a19b,Provolone,,"{""guide_line_id"":""a1e42911-a55c-4d35-926c-d619d32b4dd0"",""item_number"":null}",,Guide label 'Provolone'; no same-vendor description match in supplied corpus,low,docs/seed/source/vendor-exports/context/catalog-prod-2026-09-19.json:2158; docs/seed/source/vendor-exports/reports/2026-09-19-catalog-join.md:110; docs/seed/source/vendor-exports/context/catalog-prod-2026-09-19.json:7626; docs/seed/source/vendor-exports/reports/2026-09-19-catalog-join.md:804,false,"No matching same-vendor receipt/export description; leave null, not proof no number exists."
IN-019,item_number,Boar's Head,36a06d72-b66a-4808-9132-3568d76216dc,Roast Beef,,"{""guide_line_id"":""d1c09824-37da-48f1-a1dd-dc86a2f7e574"",""item_number"":null}",12011,Guide label 'Roast Beef'; receipt 12011 LONDON BROIL,high,docs/seed/source/vendor-exports/context/catalog-prod-2026-09-19.json:974; docs/seed/source/vendor-exports/reports/2026-09-19-catalog-join.md:86; docs/seed/source/vendor-exports/normalized/receipts-receipts-2026-09-18-batch2.json:342; docs/seed/source/vendor-exports/context/catalog-prod-2026-09-19.json:7896; docs/seed/source/vendor-exports/reports/2026-09-19-catalog-join.md:805,false,Description match to existing guide label; attach to vendor_items only. Preserve guide position and label.
IN-020,item_number,Boar's Head,16a0089c-a714-422c-a3fc-6921436c88b0,Ever Roast Chicken,,"{""guide_line_id"":""4cb34d9f-117f-4c54-9a56-866d18950f90"",""item_number"":null}",,Guide label 'Ever Roast Chicken'; no same-vendor description match in supplied corpus,low,docs/seed/source/vendor-exports/context/catalog-prod-2026-09-19.json:430; docs/seed/source/vendor-exports/reports/2026-09-19-catalog-join.md:94; docs/seed/source/vendor-exports/context/catalog-prod-2026-09-19.json:7212; docs/seed/source/vendor-exports/reports/2026-09-19-catalog-join.md:806,false,"No matching same-vendor receipt/export description; leave null, not proof no number exists."
IN-021,item_number,Boar's Head,2dcc2757-f3eb-470f-bd39-2881c2a06e4e,Pickle slices,,"{""guide_line_id"":""e7ae800f-08dd-43e1-85a6-4631230372d5"",""item_number"":null}",,Guide label 'Pickle slices'; receipt 795 5 GALLON GARLIC PICKLES,low,docs/seed/source/vendor-exports/context/catalog-prod-2026-09-19.json:798; docs/seed/source/vendor-exports/reports/2026-09-19-catalog-join.md:99; docs/seed/source/vendor-exports/normalized/receipts-receipts-2026-09-18-batch2.json:312; docs/seed/source/vendor-exports/context/catalog-prod-2026-09-19.json:8076; docs/seed/source/vendor-exports/reports/2026-09-19-catalog-join.md:807,true,795 is 5 GALLON GARLIC PICKLES and is proposed for Whole pickles; receipt does not establish pre-sliced product. Do not duplicate identity for the 1500-slice tub.
IN-022,item_number,Boar's Head,a72ea2c4-1063-4d4c-8bcc-7a47bad3e10b,Whole pickles,,"{""guide_line_id"":""4c417c26-f638-490e-9f5b-9ed1ff32c3c2"",""item_number"":null}",795,Guide label 'Whole pickles'; receipt 795 5 GALLON GARLIC PICKLES,high,docs/seed/source/vendor-exports/context/catalog-prod-2026-09-19.json:2590; docs/seed/source/vendor-exports/reports/2026-09-19-catalog-join.md:85; docs/seed/source/vendor-exports/normalized/receipts-receipts-2026-09-18-batch2.json:312; docs/seed/source/vendor-exports/context/catalog-prod-2026-09-19.json:7194; docs/seed/source/vendor-exports/reports/2026-09-19-catalog-join.md:808,false,Description match to existing guide label; attach to vendor_items only. Preserve guide position and label.
IN-023,item_number,Boar's Head,f97d28a1-1320-4030-9575-d84e14db00d1,Banana Peppers,,"{""guide_line_id"":""ed7ceab4-2bc6-45ff-bab8-077e728d8638"",""item_number"":null}",,Guide label 'Banana Peppers'; no same-vendor description match in supplied corpus,low,docs/seed/source/vendor-exports/context/catalog-prod-2026-09-19.json:3726; docs/seed/source/vendor-exports/reports/2026-09-19-catalog-join.md:120; docs/seed/source/vendor-exports/context/catalog-prod-2026-09-19.json:8112; docs/seed/source/vendor-exports/reports/2026-09-19-catalog-join.md:809,false,"No matching same-vendor receipt/export description; leave null, not proof no number exists."
IN-024,item_number,Boar's Head,49603e5a-16d3-4337-ba87-3e2a5f04e5ed,Hot Peppers,,"{""guide_line_id"":""db862131-3340-474b-8155-de4070e03210"",""item_number"":null}",30,Guide label 'Hot Peppers'; receipt 30 HOT CHERRY PEPPERS,high,docs/seed/source/vendor-exports/context/catalog-prod-2026-09-19.json:1214; docs/seed/source/vendor-exports/reports/2026-09-19-catalog-join.md:84; docs/seed/source/vendor-exports/normalized/receipts-receipts-2026-09-18-batch2.json:282; docs/seed/source/vendor-exports/context/catalog-prod-2026-09-19.json:7959; docs/seed/source/vendor-exports/reports/2026-09-19-catalog-join.md:810,false,Description match to existing guide label; attach to vendor_items only. Preserve guide position and label.
IN-025,item_number,Boar's Head,6e6d9d56-2260-46a5-9d8f-fca3f8501d7e,Sweet Peppers,,"{""guide_line_id"":""cd0fa200-23f8-4686-9a12-7b6267b23184"",""item_number"":null}",,Guide label 'Sweet Peppers'; no same-vendor description match in supplied corpus,low,docs/seed/source/vendor-exports/context/catalog-prod-2026-09-19.json:1774; docs/seed/source/vendor-exports/reports/2026-09-19-catalog-join.md:104; docs/seed/source/vendor-exports/context/catalog-prod-2026-09-19.json:7887; docs/seed/source/vendor-exports/reports/2026-09-19-catalog-join.md:811,false,"No matching same-vendor receipt/export description; leave null, not proof no number exists."
IN-026,item_number,Boar's Head,26a0d9c0-9033-4742-9458-e77b3d573b8c,DB Root Beer,,"{""guide_line_id"":""4c7711ce-8860-43cd-a829-518a3be7b3c3"",""item_number"":null}",,Guide label 'DB Root Beer'; no same-vendor description match in supplied corpus,low,docs/seed/source/vendor-exports/context/catalog-prod-2026-09-19.json:670; docs/seed/source/vendor-exports/reports/2026-09-19-catalog-join.md:97; docs/seed/source/vendor-exports/context/catalog-prod-2026-09-19.json:7203; docs/seed/source/vendor-exports/reports/2026-09-19-catalog-join.md:812,false,"No matching same-vendor receipt/export description; leave null, not proof no number exists."
IN-027,item_number,Boar's Head,c0019de5-000c-4104-aa3a-5da952192d6f,DB Cherry Soda,,"{""guide_line_id"":""221a4136-aae5-462f-8421-2e7ab9bdd313"",""item_number"":null}",,Guide label 'DB Cherry Soda'; no same-vendor description match in supplied corpus,low,docs/seed/source/vendor-exports/context/catalog-prod-2026-09-19.json:2862; docs/seed/source/vendor-exports/reports/2026-09-19-catalog-join.md:116; docs/seed/source/vendor-exports/context/catalog-prod-2026-09-19.json:6888; docs/seed/source/vendor-exports/reports/2026-09-19-catalog-join.md:813,false,"No matching same-vendor receipt/export description; leave null, not proof no number exists."
IN-028,item_number,Boar's Head,33742a07-fe19-42fa-b900-232559826985,DB Cream Soda,,"{""guide_line_id"":""e5753b4e-d510-49e7-92f2-5805e6a1c68d"",""item_number"":null}",84,Guide label 'DB Cream Soda'; receipt 84 CREAM DR. BROWNS,high,docs/seed/source/vendor-exports/context/catalog-prod-2026-09-19.json:910; docs/seed/source/vendor-exports/reports/2026-09-19-catalog-join.md:101; docs/seed/source/vendor-exports/normalized/receipts-receipts-2026-09-18-batch2.json:466; docs/seed/source/vendor-exports/context/catalog-prod-2026-09-19.json:8040; docs/seed/source/vendor-exports/reports/2026-09-19-catalog-join.md:814,false,Description match to existing guide label; attach to vendor_items only. Preserve guide position and label.
IN-029,item_number,Boar's Head,a2adb4c7-ccf6-40c9-9a59-8fa7debc7b55,DB Cel Ray,,"{""guide_line_id"":""e4adb5fe-1461-4af5-ab07-03b94b5e3d33"",""item_number"":null}",,Guide label 'DB Cel Ray'; no same-vendor description match in supplied corpus,low,docs/seed/source/vendor-exports/context/catalog-prod-2026-09-19.json:2526; docs/seed/source/vendor-exports/reports/2026-09-19-catalog-join.md:114; docs/seed/source/vendor-exports/context/catalog-prod-2026-09-19.json:8031; docs/seed/source/vendor-exports/reports/2026-09-19-catalog-join.md:815,false,"No matching same-vendor receipt/export description; leave null, not proof no number exists."
IN-030,item_number,Boar's Head,2d5a5194-6cdb-4295-8143-251928c390df,DB Diet Cherry Soda,,"{""guide_line_id"":""e5f17271-064c-4d6f-8a2b-daddef8cdf7a"",""item_number"":null}",,Guide label 'DB Diet Cherry Soda'; no same-vendor description match in supplied corpus,low,docs/seed/source/vendor-exports/context/catalog-prod-2026-09-19.json:782; docs/seed/source/vendor-exports/reports/2026-09-19-catalog-join.md:98; docs/seed/source/vendor-exports/context/catalog-prod-2026-09-19.json:8058; docs/seed/source/vendor-exports/reports/2026-09-19-catalog-join.md:816,false,"No matching same-vendor receipt/export description; leave null, not proof no number exists."
IN-031,item_number,Boar's Head,1d9b48ff-bb76-4aeb-b021-09c85aed80b4,DB Diet Cream Soda,,"{""guide_line_id"":""110f7ca1-ca64-4d73-af69-eea9cea56746"",""item_number"":null}",85,Guide label 'DB Diet Cream Soda'; receipt 85 DIET CREAM DR. BROWNS,high,docs/seed/source/vendor-exports/context/catalog-prod-2026-09-19.json:526; docs/seed/source/vendor-exports/reports/2026-09-19-catalog-join.md:95; docs/seed/source/vendor-exports/normalized/receipts-receipts-2026-09-18-batch2.json:496; docs/seed/source/vendor-exports/context/catalog-prod-2026-09-19.json:6798; docs/seed/source/vendor-exports/reports/2026-09-19-catalog-join.md:817,false,Description match to existing guide label; attach to vendor_items only. Preserve guide position and label.
IN-032,item_number,Boar's Head,835e7cbc-22ab-4248-becc-428d8c3947e9,Branded (C/O) Water,,"{""guide_line_id"":""6c06e230-9278-465b-9a1a-71d8c029f76a"",""item_number"":null}",DM101,Guide label 'Branded (C/O) Water'; receipt DM101 Compliments Branded Water,high,docs/seed/source/vendor-exports/context/catalog-prod-2026-09-19.json:2094; docs/seed/source/vendor-exports/reports/2026-09-19-catalog-join.md:92; docs/seed/source/vendor-exports/normalized/receipts-receipts-2026-09-18-batch2.json:526; docs/seed/source/vendor-exports/context/catalog-prod-2026-09-19.json:7419; docs/seed/source/vendor-exports/reports/2026-09-19-catalog-join.md:818,false,Description match to existing guide label; attach to vendor_items only. Preserve guide position and label.
IN-033,item_number,Boar's Head,23f9a85e-afca-4146-8b7e-cd2a0bec2f48,Diet Coke,,"{""guide_line_id"":""df509abb-9631-4894-bcca-40ebde17cb32"",""item_number"":null}",76,Guide label 'Diet Coke'; receipt 76 DIET COKE,high,docs/seed/source/vendor-exports/context/catalog-prod-2026-09-19.json:606; docs/seed/source/vendor-exports/reports/2026-09-19-catalog-join.md:89; docs/seed/source/vendor-exports/normalized/receipts-receipts-2026-09-18-batch2.json:436; docs/seed/source/vendor-exports/context/catalog-prod-2026-09-19.json:7995; docs/seed/source/vendor-exports/reports/2026-09-19-catalog-join.md:819,false,Description match to existing guide label; attach to vendor_items only. Preserve guide position and label.
IN-034,item_number,Boar's Head,9a4de7a1-fc04-4eab-a09a-97c564fc8698,Coke,,"{""guide_line_id"":""9e9663c0-a3a1-4d59-b0e9-1e020fe92300"",""item_number"":null}",75,Guide label 'Coke'; receipt 75 COKE,high,docs/seed/source/vendor-exports/context/catalog-prod-2026-09-19.json:2414; docs/seed/source/vendor-exports/reports/2026-09-19-catalog-join.md:88; docs/seed/source/vendor-exports/normalized/receipts-receipts-2026-09-18-batch2.json:406; docs/seed/source/vendor-exports/context/catalog-prod-2026-09-19.json:7608; docs/seed/source/vendor-exports/reports/2026-09-19-catalog-join.md:820,false,Description match to existing guide label; attach to vendor_items only. Preserve guide position and label.
IN-035,item_number,Boar's Head,7a1f6d2e-3c5b-4e8a-9f01-2a6b8c4d0e12,Just Ice Tea Raspberry,,"{""guide_line_id"":""7d1cea43-8a50-4187-81a6-b74bcbf27a50"",""item_number"":null}",,Guide label 'Just Ice Tea Raspberry'; no same-vendor description match in supplied corpus,low,docs/seed/source/vendor-exports/context/catalog-prod-2026-09-19.json:1950; docs/seed/source/vendor-exports/reports/2026-09-19-catalog-join.md:106; docs/seed/source/vendor-exports/context/catalog-prod-2026-09-19.json:7500; docs/seed/source/vendor-exports/reports/2026-09-19-catalog-join.md:821,false,"No matching same-vendor receipt/export description; leave null, not proof no number exists."
IN-036,item_number,Boar's Head,7a1f6d2e-3c5b-4e8a-9f01-2a6b8c4d0e13,Just Ice Tea Dragon Green,,"{""guide_line_id"":""da253860-98bc-4693-aaa7-627ea8fe6940"",""item_number"":null}",,Guide label 'Just Ice Tea Dragon Green'; no same-vendor description match in supplied corpus,low,docs/seed/source/vendor-exports/context/catalog-prod-2026-09-19.json:1966; docs/seed/source/vendor-exports/reports/2026-09-19-catalog-join.md:107; docs/seed/source/vendor-exports/context/catalog-prod-2026-09-19.json:7950; docs/seed/source/vendor-exports/reports/2026-09-19-catalog-join.md:822,false,"No matching same-vendor receipt/export description; leave null, not proof no number exists."
IN-037,item_number,Boar's Head,7a1f6d2e-3c5b-4e8a-9f01-2a6b8c4d0e11,Just Ice Tea Lemon,,"{""guide_line_id"":""a561673f-dbc2-4c98-893d-b66654bc156b"",""item_number"":null}",,Guide label 'Just Ice Tea Lemon'; no same-vendor description match in supplied corpus,low,docs/seed/source/vendor-exports/context/catalog-prod-2026-09-19.json:1934; docs/seed/source/vendor-exports/reports/2026-09-19-catalog-join.md:105; docs/seed/source/vendor-exports/context/catalog-prod-2026-09-19.json:7653; docs/seed/source/vendor-exports/reports/2026-09-19-catalog-join.md:823,false,"No matching same-vendor receipt/export description; leave null, not proof no number exists."
IN-038,item_number,Cardinal Bakery,9478c3e2-868e-444f-95f4-009a7b3b507b,Sub Roll,,"{""guide_line_id"":""3a590ee9-7a9b-492c-b2d0-bba51259afc9"",""item_number"":null}",1030,Guide label 'Sub Roll'; receipt 1030 LARGE HERO HEARTH,high,docs/seed/source/vendor-exports/context/catalog-prod-2026-09-19.json:2334; docs/seed/source/vendor-exports/reports/2026-09-19-catalog-join.md:126; docs/seed/source/vendor-exports/normalized/receipts-receipts-2026-09-18-batch2.json:34; docs/seed/source/vendor-exports/context/catalog-prod-2026-09-19.json:7059; docs/seed/source/vendor-exports/reports/2026-09-19-catalog-join.md:824,false,Description match to existing guide label; attach to vendor_items only. Preserve guide position and label.
IN-039,item_number,Continental Tape,af9c73f0-4806-498f-b7b1-5fedb499f185,Logo Tape,,"{""guide_line_id"":""191d83d8-fbe6-4a42-a35f-4e07742d4d0c"",""item_number"":null}",,Guide label 'Logo Tape'; no same-vendor description match in supplied corpus,low,docs/seed/source/vendor-exports/context/catalog-prod-2026-09-19.json:2702; docs/seed/source/vendor-exports/reports/2026-09-19-catalog-join.md:135; docs/seed/source/vendor-exports/context/catalog-prod-2026-09-19.json:6834; docs/seed/source/vendor-exports/reports/2026-09-19-catalog-join.md:825,false,"No matching same-vendor receipt/export description; leave null, not proof no number exists."
IN-040,item_number,Country Snacks,3005af1a-6f7d-4b9e-96e9-18323b279a6f,Utz Original,,"{""guide_line_id"":""421ec9c8-1c5e-43c4-8dbd-fdd876cb495b"",""item_number"":null}",,Guide label 'Utz Original'; no same-vendor description match in supplied corpus,low,docs/seed/source/vendor-exports/context/catalog-prod-2026-09-19.json:862; docs/seed/source/vendor-exports/reports/2026-09-19-catalog-join.md:145; docs/seed/source/vendor-exports/context/catalog-prod-2026-09-19.json:7140; docs/seed/source/vendor-exports/reports/2026-09-19-catalog-join.md:826,false,no vendor number exists
IN-041,item_number,Country Snacks,21a905e8-ad70-45b8-ba97-f2509dbaed2b,Utz Salt & Pepper,,"{""guide_line_id"":""9a4ce04b-005a-43ec-b09b-fd5350f9377b"",""item_number"":null}",,Guide label 'Utz Salt & Pepper'; no same-vendor description match in supplied corpus,low,docs/seed/source/vendor-exports/context/catalog-prod-2026-09-19.json:574; docs/seed/source/vendor-exports/reports/2026-09-19-catalog-join.md:13; docs/seed/source/vendor-exports/context/catalog-prod-2026-09-19.json:7572; docs/seed/source/vendor-exports/reports/2026-09-19-catalog-join.md:827,false,no vendor number exists
IN-042,item_number,Country Snacks,03b88130-165f-46a6-98a9-9341842bed9d,Utz Salt & Vinegar,,"{""guide_line_id"":""715f9d63-58e5-488b-878b-ad10a657bd38"",""item_number"":null}",,Guide label 'Utz Salt & Vinegar'; no same-vendor description match in supplied corpus,low,docs/seed/source/vendor-exports/context/catalog-prod-2026-09-19.json:190; docs/seed/source/vendor-exports/reports/2026-09-19-catalog-join.md:143; docs/seed/source/vendor-exports/context/catalog-prod-2026-09-19.json:7455; docs/seed/source/vendor-exports/reports/2026-09-19-catalog-join.md:828,false,no vendor number exists
IN-043,item_number,Country Snacks,ec934453-3d5a-4826-9ca9-6b8b86c6c7b9,Utz Sour Cream & Onion,,"{""guide_line_id"":""4195c60e-24ae-42d3-bb1d-9f2eb7d9ab58"",""item_number"":null}",,Guide label 'Utz Sour Cream & Onion'; no same-vendor description match in supplied corpus,low,docs/seed/source/vendor-exports/context/catalog-prod-2026-09-19.json:3534; docs/seed/source/vendor-exports/reports/2026-09-19-catalog-join.md:147; docs/seed/source/vendor-exports/context/catalog-prod-2026-09-19.json:7122; docs/seed/source/vendor-exports/reports/2026-09-19-catalog-join.md:829,false,no vendor number exists
IN-044,item_number,Country Snacks,01e246aa-cd09-4949-8edc-1475b8f2710f,Utz BBQ,,"{""guide_line_id"":""f47ade22-47d1-4bdf-99b7-3c82896888d7"",""item_number"":null}",,Guide label 'Utz BBQ'; no same-vendor description match in supplied corpus,low,docs/seed/source/vendor-exports/context/catalog-prod-2026-09-19.json:174; docs/seed/source/vendor-exports/reports/2026-09-19-catalog-join.md:142; docs/seed/source/vendor-exports/context/catalog-prod-2026-09-19.json:8166; docs/seed/source/vendor-exports/reports/2026-09-19-catalog-join.md:830,false,no vendor number exists
IN-045,item_number,Country Snacks,4390b5b3-c59e-4d8f-804e-35570e1aef84,Utz Ripples,,"{""guide_line_id"":""1e14c917-6444-4d03-b682-23aaa3790b79"",""item_number"":null}",,Guide label 'Utz Ripples'; receipt 27149 12.5 oz Utz Rip Chip,low,docs/seed/source/vendor-exports/context/catalog-prod-2026-09-19.json:1118; docs/seed/source/vendor-exports/reports/2026-09-19-catalog-join.md:146; docs/seed/source/vendor-exports/normalized/receipts-receipts-2026-09-18-batch1.json:2; docs/seed/source/vendor-exports/context/catalog-prod-2026-09-19.json:6870; docs/seed/source/vendor-exports/reports/2026-09-19-catalog-join.md:831,true,"no vendor number exists; Country Snacks has no printed code. Thompson 27149 matches 9 x 12.5 oz, but is another vendor absent from vendors. Do not attach cross-vendor number. 00602 is a 60-OUNCE bag, not mini chips; raw ticket and CC section 9 override stale normalized pack."
IN-046,item_number,Leonard Paper,a758efc3-d58b-43d4-92fd-e12e39a06226,Salad Clam Shell (55oz),,"{""guide_line_id"":""3009c698-c204-4ddb-94f4-73d7629d9386"",""item_number"":null}",,Guide label 'Clam Shell (55oz)'; no same-vendor description match in supplied corpus,low,docs/seed/source/vendor-exports/context/catalog-prod-2026-09-19.json:2622; docs/seed/source/vendor-exports/reports/2026-09-19-catalog-join.md:176; docs/seed/source/vendor-exports/context/catalog-prod-2026-09-19.json:6987; docs/seed/source/vendor-exports/reports/2026-09-19-catalog-join.md:850,false,"No matching same-vendor receipt/export description; leave null, not proof no number exists."
IN-047,item_number,Leonard Paper,e480f8f7-04b9-45bb-bb3a-189544cc88a0,Catering Box Bottoms,,"{""guide_line_id"":""938ca39d-37f4-4f80-afbf-9bd8cfe35464"",""item_number"":null}",,Guide label 'Catering Box Bottoms'; no same-vendor description match in supplied corpus,low,docs/seed/source/vendor-exports/context/catalog-prod-2026-09-19.json:3406; docs/seed/source/vendor-exports/reports/2026-09-19-catalog-join.md:188; docs/seed/source/vendor-exports/context/catalog-prod-2026-09-19.json:7527; docs/seed/source/vendor-exports/reports/2026-09-19-catalog-join.md:868,false,"No matching same-vendor receipt/export description; leave null, not proof no number exists."
IN-048,item_number,Leonard Paper,a9963c1d-0482-4ae0-b406-9e3fce25c862,Catering Box Tops,,"{""guide_line_id"":""b3b12876-63ae-4b45-a2b1-3fc17be8033a"",""item_number"":null}",,Guide label 'Catering Box Tops'; no same-vendor description match in supplied corpus,low,docs/seed/source/vendor-exports/context/catalog-prod-2026-09-19.json:2654; docs/seed/source/vendor-exports/reports/2026-09-19-catalog-join.md:177; docs/seed/source/vendor-exports/context/catalog-prod-2026-09-19.json:7788; docs/seed/source/vendor-exports/reports/2026-09-19-catalog-join.md:869,false,"No matching same-vendor receipt/export description; leave null, not proof no number exists."
IN-049,item_number,Penny Candy,3f778338-97ea-4ff2-b63f-baf35e7e02c4,Frooties,,"{""guide_line_id"":""c7df73ae-b46e-42ba-95e2-0ccb12441516"",""item_number"":null}",,Guide label 'Frooties'; no same-vendor description match in supplied corpus,low,docs/seed/source/vendor-exports/context/catalog-prod-2026-09-19.json:1070; docs/seed/source/vendor-exports/reports/2026-09-19-catalog-join.md:327; docs/seed/source/vendor-exports/context/catalog-prod-2026-09-19.json:7860; docs/seed/source/vendor-exports/reports/2026-09-19-catalog-join.md:870,false,"No matching same-vendor receipt/export description; leave null, not proof no number exists."
IN-050,item_number,Sarah,74fcc1cf-25ef-4b71-b700-57d61dd8d8da,Gluten Free Bread,,"{""guide_line_id"":""298a3982-7bf1-4ef7-b404-57f5b22a1867"",""item_number"":null}",,Guide label 'Gluten Free Bread'; no same-vendor description match in supplied corpus,low,docs/seed/source/vendor-exports/context/catalog-prod-2026-09-19.json:1886; docs/seed/source/vendor-exports/reports/2026-09-19-catalog-join.md:333; docs/seed/source/vendor-exports/context/catalog-prod-2026-09-19.json:6933; docs/seed/source/vendor-exports/reports/2026-09-19-catalog-join.md:929,false,"No matching same-vendor receipt/export description; leave null, not proof no number exists."
IN-051,item_number,Sysco,7c161441-848f-4290-bc68-a8088e112961,Lettuce,,"{""guide_line_id"":""dc2462b2-2491-4307-b415-205c9e41f850"",""item_number"":null}",,Guide label 'Lettuce'; no same-vendor description match in supplied corpus,low,docs/seed/source/vendor-exports/context/catalog-prod-2026-09-19.json:1982; docs/seed/source/vendor-exports/reports/2026-09-19-catalog-join.md:339; docs/seed/source/vendor-exports/context/catalog-prod-2026-09-19.json:7977; docs/seed/source/vendor-exports/reports/2026-09-19-catalog-join.md:930,false,"No matching same-vendor receipt/export description; leave null, not proof no number exists."
IN-052,item_number,Trimark,a74cfd14-af8d-4483-aef5-5f13619e8b8d,Formula C gallons,,"{""guide_line_id"":""0217f40d-2826-483c-9814-8a95374ce9a6"",""item_number"":null}",,Guide label 'Formula C gallons'; no same-vendor description match in supplied corpus,low,docs/seed/source/vendor-exports/context/catalog-prod-2026-09-19.json:2606; docs/seed/source/vendor-exports/reports/2026-09-19-catalog-join.md:366; docs/seed/source/vendor-exports/context/catalog-prod-2026-09-19.json:6744; docs/seed/source/vendor-exports/reports/2026-09-19-catalog-join.md:931,false,"No matching same-vendor receipt/export description; leave null, not proof no number exists."
IN-053,item_number,Trimark,3e908efc-2769-43a0-8916-77667f33c855,Solid Suds (cap hill only),,"{""guide_line_id"":""218e94b4-6918-43fb-9844-c39bfd3c4486"",""item_number"":null}",,Guide label 'Solid Suds (cap hill only)'; no same-vendor description match in supplied corpus,low,docs/seed/source/vendor-exports/context/catalog-prod-2026-09-19.json:1054; docs/seed/source/vendor-exports/reports/2026-09-19-catalog-join.md:355; docs/seed/source/vendor-exports/context/catalog-prod-2026-09-19.json:6879; docs/seed/source/vendor-exports/reports/2026-09-19-catalog-join.md:932,false,"No matching same-vendor receipt/export description; leave null, not proof no number exists."
IN-054,item_number,Trimark,5ee8b7c2-3f48-4e28-924a-a9d85ed672a0,Pot & Pan Sanitizer,,"{""guide_line_id"":""fc0e8fba-3ab4-4051-96a5-47fca63df3fa"",""item_number"":null}",,Guide label 'Pot & Pan Sanitizer'; no same-vendor description match in supplied corpus,low,docs/seed/source/vendor-exports/context/catalog-prod-2026-09-19.json:1582; docs/seed/source/vendor-exports/reports/2026-09-19-catalog-join.md:362; docs/seed/source/vendor-exports/context/catalog-prod-2026-09-19.json:8193; docs/seed/source/vendor-exports/reports/2026-09-19-catalog-join.md:933,false,"No matching same-vendor receipt/export description; leave null, not proof no number exists."
IN-055,item_number,Trimark,44089460-c74d-40d9-9d4d-65fd10defd39,Bleach Gallons,,"{""guide_line_id"":""ed35e9ad-a89f-4858-a601-c56f9fb2ce8d"",""item_number"":null}",,Guide label 'Bleach Gallons'; no same-vendor description match in supplied corpus,low,docs/seed/source/vendor-exports/context/catalog-prod-2026-09-19.json:1134; docs/seed/source/vendor-exports/reports/2026-09-19-catalog-join.md:357; docs/seed/source/vendor-exports/context/catalog-prod-2026-09-19.json:8103; docs/seed/source/vendor-exports/reports/2026-09-19-catalog-join.md:934,false,"No matching same-vendor receipt/export description; leave null, not proof no number exists."
IN-056,item_number,Trimark,5bcd74af-93f0-4f00-8769-56f5caecf3b8,Foam Soap,,"{""guide_line_id"":""5d5acd5f-b179-4c1f-b84f-dac1b71f947a"",""item_number"":null}",,Guide label 'Foam Soap'; no same-vendor description match in supplied corpus,low,docs/seed/source/vendor-exports/context/catalog-prod-2026-09-19.json:1502; docs/seed/source/vendor-exports/reports/2026-09-19-catalog-join.md:359; docs/seed/source/vendor-exports/context/catalog-prod-2026-09-19.json:7329; docs/seed/source/vendor-exports/reports/2026-09-19-catalog-join.md:935,false,"No matching same-vendor receipt/export description; leave null, not proof no number exists."
IN-057,item_number,Trimark,a5433061-7d9f-4d5e-994c-2258500ffec9,Checkmate gallons (dupont only),,"{""guide_line_id"":""adf426b6-8aea-46f4-bab1-6607f15ac452"",""item_number"":null}",,Guide label 'Checkmate gallons (dupont only)'; no same-vendor description match in supplied corpus,low,docs/seed/source/vendor-exports/context/catalog-prod-2026-09-19.json:2542; docs/seed/source/vendor-exports/reports/2026-09-19-catalog-join.md:365; docs/seed/source/vendor-exports/context/catalog-prod-2026-09-19.json:7716; docs/seed/source/vendor-exports/reports/2026-09-19-catalog-join.md:936,false,"No matching same-vendor receipt/export description; leave null, not proof no number exists."
IN-058,item_number,Trimark,9bb473a4-f2a6-4926-aad4-8fea2e716164,Fancy Napkins,,"{""guide_line_id"":""40cd2631-21c1-4918-a127-bf1e7257d168"",""item_number"":null}",,Guide label 'Fancy Napkins'; no same-vendor description match in supplied corpus,low,docs/seed/source/vendor-exports/context/catalog-prod-2026-09-19.json:2430; docs/seed/source/vendor-exports/reports/2026-09-19-catalog-join.md:364; docs/seed/source/vendor-exports/context/catalog-prod-2026-09-19.json:7113; docs/seed/source/vendor-exports/reports/2026-09-19-catalog-join.md:937,false,"No matching same-vendor receipt/export description; leave null, not proof no number exists."
IN-059,item_number,Trimark,5bedbd16-0713-4c7a-994b-ef5f4a33db42,EZ Dry gallons,,"{""guide_line_id"":""e58d84e3-d76d-4d86-a547-c6e1b68367e6"",""item_number"":null}",,Guide label 'EZ Dry gallons'; no same-vendor description match in supplied corpus,low,docs/seed/source/vendor-exports/context/catalog-prod-2026-09-19.json:1518; docs/seed/source/vendor-exports/reports/2026-09-19-catalog-join.md:360; docs/seed/source/vendor-exports/context/catalog-prod-2026-09-19.json:8049; docs/seed/source/vendor-exports/reports/2026-09-19-catalog-join.md:939,false,"No matching same-vendor receipt/export description; leave null, not proof no number exists."
IN-060,item_number,US Foods,d0ae6c94-26e8-48a7-9b73-857d4428270a,Dried Chives,,"{""guide_line_id"":""2f4337a4-cca5-41f9-a989-6ffc56ac9c20"",""item_number"":null}",,Guide label 'Dried Chives'; no same-vendor description match in supplied corpus,low,docs/seed/source/vendor-exports/context/catalog-prod-2026-09-19.json:3150; docs/seed/source/vendor-exports/reports/2026-09-19-catalog-join.md:708; docs/seed/source/vendor-exports/context/catalog-prod-2026-09-19.json:6978; docs/seed/source/vendor-exports/reports/2026-09-19-catalog-join.md:941,false,"No matching same-vendor receipt/export description; leave null, not proof no number exists. Existing guide line retained; occasional item, never append a standing guide line from history."
IN-061,item_number,US Foods,243f0b0d-ac51-4766-87c5-6158021797dd,Oven Cleaner,,"{""guide_line_id"":""d870f8d4-9d48-4b06-96a9-ef98d1c8ce76"",""item_number"":null}",,Guide label 'Oven Cleaner'; no same-vendor description match in supplied corpus,low,docs/seed/source/vendor-exports/context/catalog-prod-2026-09-19.json:622; docs/seed/source/vendor-exports/reports/2026-09-19-catalog-join.md:279; docs/seed/source/vendor-exports/context/catalog-prod-2026-09-19.json:7932; docs/seed/source/vendor-exports/reports/2026-09-19-catalog-join.md:942,false,"No matching same-vendor receipt/export description; leave null, not proof no number exists."
IN-062,item_number,Vistaprint,72367600-9f48-45e2-a3a6-a166367d87fd,Loyalty Cards,,"{""guide_line_id"":""f1513517-9714-4556-a10f-4807a850fcf3"",""item_number"":null}",,Guide label 'Loyalty Cards'; no same-vendor description match in supplied corpus,low,docs/seed/source/vendor-exports/context/catalog-prod-2026-09-19.json:1854; docs/seed/source/vendor-exports/reports/2026-09-19-catalog-join.md:714; docs/seed/source/vendor-exports/context/catalog-prod-2026-09-19.json:8139; docs/seed/source/vendor-exports/reports/2026-09-19-catalog-join.md:943,false,"No matching same-vendor receipt/export description; leave null, not proof no number exists."
IN-063,item_number,Webstaurant,c0df5165-e7d8-411a-89c1-6e43b1d11b75,Guest Check Pads,,"{""guide_line_id"":""575b56cf-c36b-49c5-8f91-67b4a02d9deb"",""item_number"":null}",,Guide label 'Guest Check Pads'; no same-vendor description match in supplied corpus,low,docs/seed/source/vendor-exports/context/catalog-prod-2026-09-19.json:2878; docs/seed/source/vendor-exports/reports/2026-09-19-catalog-join.md:727; docs/seed/source/vendor-exports/context/catalog-prod-2026-09-19.json:7302; docs/seed/source/vendor-exports/reports/2026-09-19-catalog-join.md:944,false,no vendor number exists
IN-064,item_number,Webstaurant,24e760b5-b60c-4d84-a2e3-b64202dbfd92,First Aid Items,,"{""guide_line_id"":""5640c8da-7845-4070-ac7b-02755d0088fa"",""item_number"":null}",,Guide label 'First Aid Items'; no same-vendor description match in supplied corpus,low,docs/seed/source/vendor-exports/context/catalog-prod-2026-09-19.json:638; docs/seed/source/vendor-exports/reports/2026-09-19-catalog-join.md:305; docs/seed/source/vendor-exports/context/catalog-prod-2026-09-19.json:7266; docs/seed/source/vendor-exports/reports/2026-09-19-catalog-join.md:945,false,no vendor number exists
IN-065,item_number,Webstaurant,49035c16-d16c-4cbb-b952-83f92df53b93,Bread Knives,,"{""guide_line_id"":""0aeedaa6-2f36-4507-ac39-243718cd0f8b"",""item_number"":null}",,Guide label 'Bread Knives'; no same-vendor description match in supplied corpus,low,docs/seed/source/vendor-exports/context/catalog-prod-2026-09-19.json:1198; docs/seed/source/vendor-exports/reports/2026-09-19-catalog-join.md:721; docs/seed/source/vendor-exports/context/catalog-prod-2026-09-19.json:6771; docs/seed/source/vendor-exports/reports/2026-09-19-catalog-join.md:946,false,no vendor number exists
IN-066,item_number,Webstaurant,8c581042-24e6-4aab-b33c-b2903984cfb1,16 oz Bottles,,"{""guide_line_id"":""514a7280-20e1-4e14-b542-42bf468da49c"",""item_number"":null}",,Guide label '16 oz bottles'; no same-vendor description match in supplied corpus,low,docs/seed/source/vendor-exports/context/catalog-prod-2026-09-19.json:2190; docs/seed/source/vendor-exports/reports/2026-09-19-catalog-join.md:723; docs/seed/source/vendor-exports/context/catalog-prod-2026-09-19.json:7230; docs/seed/source/vendor-exports/reports/2026-09-19-catalog-join.md:947,false,no vendor number exists
IN-067,item_number,Webstaurant,be360461-4874-4207-859a-df8cb27162a9,32 oz Bottles,,"{""guide_line_id"":""66b4ba9e-336c-4631-9e49-2a1da7fa7626"",""item_number"":null}",,Guide label '32 oz bottles'; no same-vendor description match in supplied corpus,low,docs/seed/source/vendor-exports/context/catalog-prod-2026-09-19.json:2830; docs/seed/source/vendor-exports/reports/2026-09-19-catalog-join.md:726; docs/seed/source/vendor-exports/context/catalog-prod-2026-09-19.json:7374; docs/seed/source/vendor-exports/reports/2026-09-19-catalog-join.md:948,false,no vendor number exists
IN-068,item_number,PFG,,Eggs,439686,"{""guide_line_id"":""f08b2b60-5996-4ce8-bc63-2df9e6b8598c"",""sku_id"":null,""item_number"":""439686""}",517842,"Juan section 9a selects medium; normalized 517842 EGG WHITE MEDIUM AA LOOSE, 1/15 DZ. No catalog SKU carries this number; update printed guide number/note, leave sku_id null pending approved identity.",medium,docs/seed/source/vendor-exports/normalized/pfg-purchase-history-2026-09-18.json:398; docs/seed/source/vendor-exports/context/catalog-prod-2026-09-19.json:8121; docs/seed/source/vendor-exports/reports/2026-09-19-catalog-join.md:893; docs/superpowers/specs/2026-09-18-vendor-ordering-v3c-import-design.md:177,true,tentative — confirm at the door
VM-001,vendor_merge,Boar's Head,,,,"{""vendor_id"":""aff69f0d-0a7e-4b6f-9371-3eef47df86e3"",""active"":true,""loser_vendor_id"":""32c64ac8-4c86-4e40-85a3-7e81a62d1c3e"",""loser_active"":true,""survivor_sku_count"":27,""loser_sku_count"":0}","{""survivor_vendor_id"":""aff69f0d-0a7e-4b6f-9371-3eef47df86e3"",""loser_vendor_id"":""32c64ac8-4c86-4e40-85a3-7e81a62d1c3e"",""loser_active"":false,""notes_append"":""Purveyor: Delmar Provisions; floor/vendor display identity: Boar's Head.""}",Brand is floor identity; Delmar is purveyor. Export lists 27 Boar's Head SKUs and zero Delmar SKUs.,high,docs/seed/source/vendor-exports/normalized/receipts-receipts-2026-09-18-batch2.json:186; docs/seed/source/vendor-exports/context/catalog-prod-2026-09-19.json:94; docs/seed/source/vendor-exports/context/catalog-prod-2026-09-19.json:54,true,"Header is the only vendor_merge floor question. vendors.notes exists in lib/admin/vendors.ts; export omits it. Future seed must read existing notes and append, never overwrite. No SKU repoints are needed in this snapshot."
VM-002,vendor_merge,Delmar Provisions,,,,"{""vendor_id"":""32c64ac8-4c86-4e40-85a3-7e81a62d1c3e"",""active"":true,""sku_ids"":[]}","{""vendor_id"":""32c64ac8-4c86-4e40-85a3-7e81a62d1c3e"",""active"":false}",Losing vendor row; zero member SKUs in complete export.,high,docs/seed/source/vendor-exports/normalized/receipts-receipts-2026-09-18-batch2.json:186; docs/seed/source/vendor-exports/context/catalog-prod-2026-09-19.json:54,false,Apply only after VM-001 approval and rechecking all references; retain vendor row and historical FKs.
VM-003,vendor_merge,Boar's Head,c94d6c52-9005-49db-a00a-90b4b7ef50fb,Bacon,,"{""vendor_id"":""aff69f0d-0a7e-4b6f-9371-3eef47df86e3""}","{""vendor_id"":""aff69f0d-0a7e-4b6f-9371-3eef47df86e3"",""operation"":""no_op_already_survivor""}","Exhaustive membership inventory, including inactive SKUs; no SKU merge or product-primary change.",high,docs/seed/source/vendor-exports/context/catalog-prod-2026-09-19.json:3070; docs/seed/source/vendor-exports/reports/2026-09-19-catalog-join.md:79; docs/seed/source/vendor-exports/normalized/receipts-receipts-2026-09-18-batch2.json:186,false,Already under survivor; no write. Header approval governs whole vendor merge.
VM-004,vendor_merge,Boar's Head,f97d28a1-1320-4030-9575-d84e14db00d1,Banana Peppers,,"{""vendor_id"":""aff69f0d-0a7e-4b6f-9371-3eef47df86e3""}","{""vendor_id"":""aff69f0d-0a7e-4b6f-9371-3eef47df86e3"",""operation"":""no_op_already_survivor""}","Exhaustive membership inventory, including inactive SKUs; no SKU merge or product-primary change.",high,docs/seed/source/vendor-exports/context/catalog-prod-2026-09-19.json:3726; docs/seed/source/vendor-exports/reports/2026-09-19-catalog-join.md:120; docs/seed/source/vendor-exports/normalized/receipts-receipts-2026-09-18-batch2.json:186,false,Already under survivor; no write. Header approval governs whole vendor merge.
VM-005,vendor_merge,Boar's Head,835e7cbc-22ab-4248-becc-428d8c3947e9,Branded (C/O) Water,,"{""vendor_id"":""aff69f0d-0a7e-4b6f-9371-3eef47df86e3""}","{""vendor_id"":""aff69f0d-0a7e-4b6f-9371-3eef47df86e3"",""operation"":""no_op_already_survivor""}","Exhaustive membership inventory, including inactive SKUs; no SKU merge or product-primary change.",high,docs/seed/source/vendor-exports/context/catalog-prod-2026-09-19.json:2094; docs/seed/source/vendor-exports/reports/2026-09-19-catalog-join.md:92; docs/seed/source/vendor-exports/normalized/receipts-receipts-2026-09-18-batch2.json:186,false,Already under survivor; no write. Header approval governs whole vendor merge.
VM-006,vendor_merge,Boar's Head,e886552d-ba06-4932-9f38-1580aea0beee,Capicola,,"{""vendor_id"":""aff69f0d-0a7e-4b6f-9371-3eef47df86e3""}","{""vendor_id"":""aff69f0d-0a7e-4b6f-9371-3eef47df86e3"",""operation"":""no_op_already_survivor""}","Exhaustive membership inventory, including inactive SKUs; no SKU merge or product-primary change.",high,docs/seed/source/vendor-exports/context/catalog-prod-2026-09-19.json:3470; docs/seed/source/vendor-exports/reports/2026-09-19-catalog-join.md:80; docs/seed/source/vendor-exports/normalized/receipts-receipts-2026-09-18-batch2.json:186,false,Already under survivor; no write. Header approval governs whole vendor merge.
VM-007,vendor_merge,Boar's Head,9a4de7a1-fc04-4eab-a09a-97c564fc8698,Coke,,"{""vendor_id"":""aff69f0d-0a7e-4b6f-9371-3eef47df86e3""}","{""vendor_id"":""aff69f0d-0a7e-4b6f-9371-3eef47df86e3"",""operation"":""no_op_already_survivor""}","Exhaustive membership inventory, including inactive SKUs; no SKU merge or product-primary change.",high,docs/seed/source/vendor-exports/context/catalog-prod-2026-09-19.json:2414; docs/seed/source/vendor-exports/reports/2026-09-19-catalog-join.md:88; docs/seed/source/vendor-exports/normalized/receipts-receipts-2026-09-18-batch2.json:186,false,Already under survivor; no write. Header approval governs whole vendor merge.
VM-008,vendor_merge,Boar's Head,a2adb4c7-ccf6-40c9-9a59-8fa7debc7b55,DB Cel Ray,,"{""vendor_id"":""aff69f0d-0a7e-4b6f-9371-3eef47df86e3""}","{""vendor_id"":""aff69f0d-0a7e-4b6f-9371-3eef47df86e3"",""operation"":""no_op_already_survivor""}","Exhaustive membership inventory, including inactive SKUs; no SKU merge or product-primary change.",high,docs/seed/source/vendor-exports/context/catalog-prod-2026-09-19.json:2526; docs/seed/source/vendor-exports/reports/2026-09-19-catalog-join.md:114; docs/seed/source/vendor-exports/normalized/receipts-receipts-2026-09-18-batch2.json:186,false,Already under survivor; no write. Header approval governs whole vendor merge.
VM-009,vendor_merge,Boar's Head,c0019de5-000c-4104-aa3a-5da952192d6f,DB Cherry Soda,,"{""vendor_id"":""aff69f0d-0a7e-4b6f-9371-3eef47df86e3""}","{""vendor_id"":""aff69f0d-0a7e-4b6f-9371-3eef47df86e3"",""operation"":""no_op_already_survivor""}","Exhaustive membership inventory, including inactive SKUs; no SKU merge or product-primary change.",high,docs/seed/source/vendor-exports/context/catalog-prod-2026-09-19.json:2862; docs/seed/source/vendor-exports/reports/2026-09-19-catalog-join.md:116; docs/seed/source/vendor-exports/normalized/receipts-receipts-2026-09-18-batch2.json:186,false,Already under survivor; no write. Header approval governs whole vendor merge.
VM-010,vendor_merge,Boar's Head,33742a07-fe19-42fa-b900-232559826985,DB Cream Soda,,"{""vendor_id"":""aff69f0d-0a7e-4b6f-9371-3eef47df86e3""}","{""vendor_id"":""aff69f0d-0a7e-4b6f-9371-3eef47df86e3"",""operation"":""no_op_already_survivor""}","Exhaustive membership inventory, including inactive SKUs; no SKU merge or product-primary change.",high,docs/seed/source/vendor-exports/context/catalog-prod-2026-09-19.json:910; docs/seed/source/vendor-exports/reports/2026-09-19-catalog-join.md:101; docs/seed/source/vendor-exports/normalized/receipts-receipts-2026-09-18-batch2.json:186,false,Already under survivor; no write. Header approval governs whole vendor merge.
VM-011,vendor_merge,Boar's Head,2d5a5194-6cdb-4295-8143-251928c390df,DB Diet Cherry Soda,,"{""vendor_id"":""aff69f0d-0a7e-4b6f-9371-3eef47df86e3""}","{""vendor_id"":""aff69f0d-0a7e-4b6f-9371-3eef47df86e3"",""operation"":""no_op_already_survivor""}","Exhaustive membership inventory, including inactive SKUs; no SKU merge or product-primary change.",high,docs/seed/source/vendor-exports/context/catalog-prod-2026-09-19.json:782; docs/seed/source/vendor-exports/reports/2026-09-19-catalog-join.md:98; docs/seed/source/vendor-exports/normalized/receipts-receipts-2026-09-18-batch2.json:186,false,Already under survivor; no write. Header approval governs whole vendor merge.
VM-012,vendor_merge,Boar's Head,1d9b48ff-bb76-4aeb-b021-09c85aed80b4,DB Diet Cream Soda,,"{""vendor_id"":""aff69f0d-0a7e-4b6f-9371-3eef47df86e3""}","{""vendor_id"":""aff69f0d-0a7e-4b6f-9371-3eef47df86e3"",""operation"":""no_op_already_survivor""}","Exhaustive membership inventory, including inactive SKUs; no SKU merge or product-primary change.",high,docs/seed/source/vendor-exports/context/catalog-prod-2026-09-19.json:526; docs/seed/source/vendor-exports/reports/2026-09-19-catalog-join.md:95; docs/seed/source/vendor-exports/normalized/receipts-receipts-2026-09-18-batch2.json:186,false,Already under survivor; no write. Header approval governs whole vendor merge.
VM-013,vendor_merge,Boar's Head,26a0d9c0-9033-4742-9458-e77b3d573b8c,DB Root Beer,,"{""vendor_id"":""aff69f0d-0a7e-4b6f-9371-3eef47df86e3""}","{""vendor_id"":""aff69f0d-0a7e-4b6f-9371-3eef47df86e3"",""operation"":""no_op_already_survivor""}","Exhaustive membership inventory, including inactive SKUs; no SKU merge or product-primary change.",high,docs/seed/source/vendor-exports/context/catalog-prod-2026-09-19.json:670; docs/seed/source/vendor-exports/reports/2026-09-19-catalog-join.md:97; docs/seed/source/vendor-exports/normalized/receipts-receipts-2026-09-18-batch2.json:186,false,Already under survivor; no write. Header approval governs whole vendor merge.
VM-014,vendor_merge,Boar's Head,23f9a85e-afca-4146-8b7e-cd2a0bec2f48,Diet Coke,,"{""vendor_id"":""aff69f0d-0a7e-4b6f-9371-3eef47df86e3""}","{""vendor_id"":""aff69f0d-0a7e-4b6f-9371-3eef47df86e3"",""operation"":""no_op_already_survivor""}","Exhaustive membership inventory, including inactive SKUs; no SKU merge or product-primary change.",high,docs/seed/source/vendor-exports/context/catalog-prod-2026-09-19.json:606; docs/seed/source/vendor-exports/reports/2026-09-19-catalog-join.md:89; docs/seed/source/vendor-exports/normalized/receipts-receipts-2026-09-18-batch2.json:186,false,Already under survivor; no write. Header approval governs whole vendor merge.
VM-015,vendor_merge,Boar's Head,16a0089c-a714-422c-a3fc-6921436c88b0,Ever Roast Chicken,,"{""vendor_id"":""aff69f0d-0a7e-4b6f-9371-3eef47df86e3""}","{""vendor_id"":""aff69f0d-0a7e-4b6f-9371-3eef47df86e3"",""operation"":""no_op_already_survivor""}","Exhaustive membership inventory, including inactive SKUs; no SKU merge or product-primary change.",high,docs/seed/source/vendor-exports/context/catalog-prod-2026-09-19.json:430; docs/seed/source/vendor-exports/reports/2026-09-19-catalog-join.md:94; docs/seed/source/vendor-exports/normalized/receipts-receipts-2026-09-18-batch2.json:186,false,Already under survivor; no write. Header approval governs whole vendor merge.
VM-016,vendor_merge,Boar's Head,313fdc2e-20e4-48fa-a473-89027b68639b,Genoa,,"{""vendor_id"":""aff69f0d-0a7e-4b6f-9371-3eef47df86e3""}","{""vendor_id"":""aff69f0d-0a7e-4b6f-9371-3eef47df86e3"",""operation"":""no_op_already_survivor""}","Exhaustive membership inventory, including inactive SKUs; no SKU merge or product-primary change.",high,docs/seed/source/vendor-exports/context/catalog-prod-2026-09-19.json:878; docs/seed/source/vendor-exports/reports/2026-09-19-catalog-join.md:82; docs/seed/source/vendor-exports/normalized/receipts-receipts-2026-09-18-batch2.json:186,false,Already under survivor; no write. Header approval governs whole vendor merge.
VM-017,vendor_merge,Boar's Head,49603e5a-16d3-4337-ba87-3e2a5f04e5ed,Hot Peppers,,"{""vendor_id"":""aff69f0d-0a7e-4b6f-9371-3eef47df86e3""}","{""vendor_id"":""aff69f0d-0a7e-4b6f-9371-3eef47df86e3"",""operation"":""no_op_already_survivor""}","Exhaustive membership inventory, including inactive SKUs; no SKU merge or product-primary change.",high,docs/seed/source/vendor-exports/context/catalog-prod-2026-09-19.json:1214; docs/seed/source/vendor-exports/reports/2026-09-19-catalog-join.md:84; docs/seed/source/vendor-exports/normalized/receipts-receipts-2026-09-18-batch2.json:186,false,Already under survivor; no write. Header approval governs whole vendor merge.
VM-018,vendor_merge,Boar's Head,7a1f6d2e-3c5b-4e8a-9f01-2a6b8c4d0e13,Just Ice Tea Dragon Green,,"{""vendor_id"":""aff69f0d-0a7e-4b6f-9371-3eef47df86e3""}","{""vendor_id"":""aff69f0d-0a7e-4b6f-9371-3eef47df86e3"",""operation"":""no_op_already_survivor""}","Exhaustive membership inventory, including inactive SKUs; no SKU merge or product-primary change.",high,docs/seed/source/vendor-exports/context/catalog-prod-2026-09-19.json:1966; docs/seed/source/vendor-exports/reports/2026-09-19-catalog-join.md:107; docs/seed/source/vendor-exports/normalized/receipts-receipts-2026-09-18-batch2.json:186,false,Already under survivor; no write. Header approval governs whole vendor merge.
VM-019,vendor_merge,Boar's Head,7a1f6d2e-3c5b-4e8a-9f01-2a6b8c4d0e11,Just Ice Tea Lemon,,"{""vendor_id"":""aff69f0d-0a7e-4b6f-9371-3eef47df86e3""}","{""vendor_id"":""aff69f0d-0a7e-4b6f-9371-3eef47df86e3"",""operation"":""no_op_already_survivor""}","Exhaustive membership inventory, including inactive SKUs; no SKU merge or product-primary change.",high,docs/seed/source/vendor-exports/context/catalog-prod-2026-09-19.json:1934; docs/seed/source/vendor-exports/reports/2026-09-19-catalog-join.md:105; docs/seed/source/vendor-exports/normalized/receipts-receipts-2026-09-18-batch2.json:186,false,Already under survivor; no write. Header approval governs whole vendor merge.
VM-020,vendor_merge,Boar's Head,7a1f6d2e-3c5b-4e8a-9f01-2a6b8c4d0e12,Just Ice Tea Raspberry,,"{""vendor_id"":""aff69f0d-0a7e-4b6f-9371-3eef47df86e3""}","{""vendor_id"":""aff69f0d-0a7e-4b6f-9371-3eef47df86e3"",""operation"":""no_op_already_survivor""}","Exhaustive membership inventory, including inactive SKUs; no SKU merge or product-primary change.",high,docs/seed/source/vendor-exports/context/catalog-prod-2026-09-19.json:1950; docs/seed/source/vendor-exports/reports/2026-09-19-catalog-join.md:106; docs/seed/source/vendor-exports/normalized/receipts-receipts-2026-09-18-batch2.json:186,false,Already under survivor; no write. Header approval governs whole vendor merge.
VM-021,vendor_merge,Boar's Head,8cdbffa4-30d3-4971-8929-8250ba4fff1e,Mortadella,,"{""vendor_id"":""aff69f0d-0a7e-4b6f-9371-3eef47df86e3""}","{""vendor_id"":""aff69f0d-0a7e-4b6f-9371-3eef47df86e3"",""operation"":""no_op_already_survivor""}","Exhaustive membership inventory, including inactive SKUs; no SKU merge or product-primary change.",high,docs/seed/source/vendor-exports/context/catalog-prod-2026-09-19.json:2222; docs/seed/source/vendor-exports/reports/2026-09-19-catalog-join.md:111; docs/seed/source/vendor-exports/normalized/receipts-receipts-2026-09-18-batch2.json:186,false,Already under survivor; no write. Header approval governs whole vendor merge.
VM-022,vendor_merge,Boar's Head,9eced455-d0c2-4b2f-8884-4b741d4d1edf,Pepperoni,,"{""vendor_id"":""aff69f0d-0a7e-4b6f-9371-3eef47df86e3""}","{""vendor_id"":""aff69f0d-0a7e-4b6f-9371-3eef47df86e3"",""operation"":""no_op_already_survivor""}","Exhaustive membership inventory, including inactive SKUs; no SKU merge or product-primary change.",high,docs/seed/source/vendor-exports/context/catalog-prod-2026-09-19.json:2462; docs/seed/source/vendor-exports/reports/2026-09-19-catalog-join.md:83; docs/seed/source/vendor-exports/normalized/receipts-receipts-2026-09-18-batch2.json:186,false,Already under survivor; no write. Header approval governs whole vendor merge.
VM-023,vendor_merge,Boar's Head,2dcc2757-f3eb-470f-bd39-2881c2a06e4e,Pickle slices,,"{""vendor_id"":""aff69f0d-0a7e-4b6f-9371-3eef47df86e3""}","{""vendor_id"":""aff69f0d-0a7e-4b6f-9371-3eef47df86e3"",""operation"":""no_op_already_survivor""}","Exhaustive membership inventory, including inactive SKUs; no SKU merge or product-primary change.",high,docs/seed/source/vendor-exports/context/catalog-prod-2026-09-19.json:798; docs/seed/source/vendor-exports/reports/2026-09-19-catalog-join.md:99; docs/seed/source/vendor-exports/normalized/receipts-receipts-2026-09-18-batch2.json:186,false,Already under survivor; no write. Header approval governs whole vendor merge.
VM-024,vendor_merge,Boar's Head,7d0481f5-df88-49f2-addb-ff96c7cc1024,Prosciutto,,"{""vendor_id"":""aff69f0d-0a7e-4b6f-9371-3eef47df86e3""}","{""vendor_id"":""aff69f0d-0a7e-4b6f-9371-3eef47df86e3"",""operation"":""no_op_already_survivor""}","Exhaustive membership inventory, including inactive SKUs; no SKU merge or product-primary change.",high,docs/seed/source/vendor-exports/context/catalog-prod-2026-09-19.json:1998; docs/seed/source/vendor-exports/reports/2026-09-19-catalog-join.md:108; docs/seed/source/vendor-exports/normalized/receipts-receipts-2026-09-18-batch2.json:186,false,Already under survivor; no write. Header approval governs whole vendor merge.
VM-025,vendor_merge,Boar's Head,8a2297e2-2121-4a02-9234-e46e1af2a19b,Provolone,,"{""vendor_id"":""aff69f0d-0a7e-4b6f-9371-3eef47df86e3""}","{""vendor_id"":""aff69f0d-0a7e-4b6f-9371-3eef47df86e3"",""operation"":""no_op_already_survivor""}","Exhaustive membership inventory, including inactive SKUs; no SKU merge or product-primary change.",high,docs/seed/source/vendor-exports/context/catalog-prod-2026-09-19.json:2158; docs/seed/source/vendor-exports/reports/2026-09-19-catalog-join.md:110; docs/seed/source/vendor-exports/normalized/receipts-receipts-2026-09-18-batch2.json:186,false,Already under survivor; no write. Header approval governs whole vendor merge.
VM-026,vendor_merge,Boar's Head,36a06d72-b66a-4808-9132-3568d76216dc,Roast Beef,,"{""vendor_id"":""aff69f0d-0a7e-4b6f-9371-3eef47df86e3""}","{""vendor_id"":""aff69f0d-0a7e-4b6f-9371-3eef47df86e3"",""operation"":""no_op_already_survivor""}","Exhaustive membership inventory, including inactive SKUs; no SKU merge or product-primary change.",high,docs/seed/source/vendor-exports/context/catalog-prod-2026-09-19.json:974; docs/seed/source/vendor-exports/reports/2026-09-19-catalog-join.md:86; docs/seed/source/vendor-exports/normalized/receipts-receipts-2026-09-18-batch2.json:186,false,Already under survivor; no write. Header approval governs whole vendor merge.
VM-027,vendor_merge,Boar's Head,6e6d9d56-2260-46a5-9d8f-fca3f8501d7e,Sweet Peppers,,"{""vendor_id"":""aff69f0d-0a7e-4b6f-9371-3eef47df86e3""}","{""vendor_id"":""aff69f0d-0a7e-4b6f-9371-3eef47df86e3"",""operation"":""no_op_already_survivor""}","Exhaustive membership inventory, including inactive SKUs; no SKU merge or product-primary change.",high,docs/seed/source/vendor-exports/context/catalog-prod-2026-09-19.json:1774; docs/seed/source/vendor-exports/reports/2026-09-19-catalog-join.md:104; docs/seed/source/vendor-exports/normalized/receipts-receipts-2026-09-18-batch2.json:186,false,Already under survivor; no write. Header approval governs whole vendor merge.
VM-028,vendor_merge,Boar's Head,ca3cc47c-51a7-4306-b11f-6e2e90971c8d,Turkey,,"{""vendor_id"":""aff69f0d-0a7e-4b6f-9371-3eef47df86e3""}","{""vendor_id"":""aff69f0d-0a7e-4b6f-9371-3eef47df86e3"",""operation"":""no_op_already_survivor""}","Exhaustive membership inventory, including inactive SKUs; no SKU merge or product-primary change.",high,docs/seed/source/vendor-exports/context/catalog-prod-2026-09-19.json:3086; docs/seed/source/vendor-exports/reports/2026-09-19-catalog-join.md:81; docs/seed/source/vendor-exports/normalized/receipts-receipts-2026-09-18-batch2.json:186,false,Already under survivor; no write. Header approval governs whole vendor merge.
VM-029,vendor_merge,Boar's Head,a72ea2c4-1063-4d4c-8bcc-7a47bad3e10b,Whole pickles,,"{""vendor_id"":""aff69f0d-0a7e-4b6f-9371-3eef47df86e3""}","{""vendor_id"":""aff69f0d-0a7e-4b6f-9371-3eef47df86e3"",""operation"":""no_op_already_survivor""}","Exhaustive membership inventory, including inactive SKUs; no SKU merge or product-primary change.",high,docs/seed/source/vendor-exports/context/catalog-prod-2026-09-19.json:2590; docs/seed/source/vendor-exports/reports/2026-09-19-catalog-join.md:85; docs/seed/source/vendor-exports/normalized/receipts-receipts-2026-09-18-batch2.json:186,false,Already under survivor; no write. Header approval governs whole vendor merge.
GA-001,guide_absent,Baldor,f70a0a6d-d7ac-4a01-b529-56abbbd2ea3d,Cholula,SAUCE6B,"{""guide_line_id"":""44801739-09fe-4d8e-971c-f4fedc19ff49"",""item_number"":""SAUCE6B""}",A3 | ARUGULA BABY 4 LB | 4 LB,Same-vendor token overlap plus description similarity; candidate only. Score 0.037; source vendor Baldor.,low,docs/seed/source/vendor-exports/context/catalog-prod-2026-09-19.json:3694; docs/seed/source/vendor-exports/reports/2026-09-19-catalog-join.md:66; docs/seed/source/vendor-exports/normalized/receipts-receipts-2026-09-18-batch1.json:65; docs/seed/source/vendor-exports/context/catalog-prod-2026-09-19.json:7167; docs/seed/source/vendor-exports/reports/2026-09-19-catalog-join.md:791,true,"REVIEW ONLY; no seed write, substitution, retirement or guide addition. Nearest same-vendor description is not an identity match."
GA-002,guide_absent,Leonard Paper,e929f054-d6b3-41d7-b8ec-e37dca8b9836,Kraft 10x5x13 (Small Bags),FC-NP72,"{""guide_line_id"":""63a50096-96fd-456c-8b4b-49b67bcafddc"",""item_number"":""FC-NP72""}",,Same-vendor token overlap plus description similarity; candidate only. Vendor absent from supplied observation corpus.,low,docs/seed/source/vendor-exports/context/catalog-prod-2026-09-19.json:3486; docs/seed/source/vendor-exports/reports/2026-09-19-catalog-join.md:189; docs/seed/source/vendor-exports/context/catalog-prod-2026-09-19.json:7356; docs/seed/source/vendor-exports/reports/2026-09-19-catalog-join.md:832,true,"REVIEW ONLY; no seed write, substitution, retirement or guide addition. No export/receipt coverage for this vendor; no same-vendor candidate exists."
GA-003,guide_absent,Leonard Paper,135092b1-d44f-4166-b4fa-91abfabfe41e,Kraft 12x9x13 (Large Bags),FC-NP12916,"{""guide_line_id"":""696381b5-726b-40be-b00b-19fb892acedd"",""item_number"":""FC-NP12916""}",,Same-vendor token overlap plus description similarity; candidate only. Vendor absent from supplied observation corpus.,low,docs/seed/source/vendor-exports/context/catalog-prod-2026-09-19.json:366; docs/seed/source/vendor-exports/reports/2026-09-19-catalog-join.md:65; docs/seed/source/vendor-exports/context/catalog-prod-2026-09-19.json:7410; docs/seed/source/vendor-exports/reports/2026-09-19-catalog-join.md:833,true,"REVIEW ONLY; no seed write, substitution, retirement or guide addition. No export/receipt coverage for this vendor; no same-vendor candidate exists."
GA-004,guide_absent,Leonard Paper,50b4f662-2f85-405c-9df7-991fef10f803,Quart (Large),TP-TD41032,"{""guide_line_id"":""b1be3b3d-b394-4e1f-812f-c1adec152b3a"",""item_number"":""TP-TD41032""}",,Same-vendor token overlap plus description similarity; candidate only. Vendor absent from supplied observation corpus.,low,docs/seed/source/vendor-exports/context/catalog-prod-2026-09-19.json:1326; docs/seed/source/vendor-exports/reports/2026-09-19-catalog-join.md:163; docs/seed/source/vendor-exports/context/catalog-prod-2026-09-19.json:7770; docs/seed/source/vendor-exports/reports/2026-09-19-catalog-join.md:834,true,"REVIEW ONLY; no seed write, substitution, retirement or guide addition. No export/receipt coverage for this vendor; no same-vendor candidate exists."
GA-005,guide_absent,Leonard Paper,702c3610-b67e-47a6-bb6e-135788e40a81,Pint (Medium),TP-TD41016,"{""guide_line_id"":""22e0a4ea-1438-4414-a0b5-1fcc93ee6b32"",""item_number"":""TP-TD41016""}",,Same-vendor token overlap plus description similarity; candidate only. Vendor absent from supplied observation corpus.,low,docs/seed/source/vendor-exports/context/catalog-prod-2026-09-19.json:1822; docs/seed/source/vendor-exports/reports/2026-09-19-catalog-join.md:167; docs/seed/source/vendor-exports/context/catalog-prod-2026-09-19.json:6906; docs/seed/source/vendor-exports/reports/2026-09-19-catalog-join.md:835,true,"REVIEW ONLY; no seed write, substitution, retirement or guide addition. No export/receipt coverage for this vendor; no same-vendor candidate exists."
GA-006,guide_absent,Leonard Paper,2729c10a-3954-405d-abbd-e5a8306ba829,Half Pint 8oz (hard),TP-TD41008,"{""guide_line_id"":""6e6e1236-9d11-4197-b026-64be130dc937"",""item_number"":""TP-TD41008""}",,Same-vendor token overlap plus description similarity; candidate only. Vendor absent from supplied observation corpus.,low,docs/seed/source/vendor-exports/context/catalog-prod-2026-09-19.json:702; docs/seed/source/vendor-exports/reports/2026-09-19-catalog-join.md:158; docs/seed/source/vendor-exports/context/catalog-prod-2026-09-19.json:7437; docs/seed/source/vendor-exports/reports/2026-09-19-catalog-join.md:836,true,"REVIEW ONLY; no seed write, substitution, retirement or guide addition. No export/receipt coverage for this vendor; no same-vendor candidate exists."
GA-007,guide_absent,Leonard Paper,1dea936f-0ece-4d7c-8812-e07a81753a5d,Lid for 8-32 oz cont.,TP-TL410,"{""guide_line_id"":""db8c84d3-7d8c-4ed3-967c-d8bf4365638c"",""item_number"":""TP-TL410""}",,Same-vendor token overlap plus description similarity; candidate only. Vendor absent from supplied observation corpus.,low,docs/seed/source/vendor-exports/context/catalog-prod-2026-09-19.json:542; docs/seed/source/vendor-exports/reports/2026-09-19-catalog-join.md:156; docs/seed/source/vendor-exports/context/catalog-prod-2026-09-19.json:7968; docs/seed/source/vendor-exports/reports/2026-09-19-catalog-join.md:837,true,"REVIEW ONLY; no seed write, substitution, retirement or guide addition. No export/receipt coverage for this vendor; no same-vendor candidate exists."
GA-008,guide_absent,Leonard Paper,771b8fcb-a71c-4071-81b1-a50758fce583,1/2 pint top (flexi),PL-RDTFL,"{""guide_line_id"":""5d8a6b6c-daf0-4ddd-a297-15edb394f6bf"",""item_number"":""PL-RDTFL""}",,Same-vendor token overlap plus description similarity; candidate only. Vendor absent from supplied observation corpus.,low,docs/seed/source/vendor-exports/context/catalog-prod-2026-09-19.json:1918; docs/seed/source/vendor-exports/reports/2026-09-19-catalog-join.md:169; docs/seed/source/vendor-exports/context/catalog-prod-2026-09-19.json:7338; docs/seed/source/vendor-exports/reports/2026-09-19-catalog-join.md:838,true,"REVIEW ONLY; no seed write, substitution, retirement or guide addition. No export/receipt coverage for this vendor; no same-vendor candidate exists."
GA-009,guide_absent,Leonard Paper,cc12c4b1-b13d-4741-976f-85f1241fa0ae,1/2 pint bottoms (flexi),PL-RD8C,"{""guide_line_id"":""53522c1c-e819-40de-8a50-a94c8c7d68d0"",""item_number"":""PL-RD8C""}",,Same-vendor token overlap plus description similarity; candidate only. Vendor absent from supplied observation corpus.,low,docs/seed/source/vendor-exports/context/catalog-prod-2026-09-19.json:3102; docs/seed/source/vendor-exports/reports/2026-09-19-catalog-join.md:184; docs/seed/source/vendor-exports/context/catalog-prod-2026-09-19.json:7239; docs/seed/source/vendor-exports/reports/2026-09-19-catalog-join.md:839,true,"REVIEW ONLY; no seed write, substitution, retirement or guide addition. No export/receipt coverage for this vendor; no same-vendor candidate exists."
GA-010,guide_absent,Leonard Paper,95ebb862-ae36-42c4-887c-2eeb527930bd,2 oz portion cups,AC-PCP200C,"{""guide_line_id"":""3ca483bf-7ff2-4a1d-9991-4190e0610dd6"",""item_number"":""AC-PCP200C""}",,Same-vendor token overlap plus description similarity; candidate only. Vendor absent from supplied observation corpus.,low,docs/seed/source/vendor-exports/context/catalog-prod-2026-09-19.json:2366; docs/seed/source/vendor-exports/reports/2026-09-19-catalog-join.md:173; docs/seed/source/vendor-exports/context/catalog-prod-2026-09-19.json:7068; docs/seed/source/vendor-exports/reports/2026-09-19-catalog-join.md:840,true,"REVIEW ONLY; no seed write, substitution, retirement or guide addition. No export/receipt coverage for this vendor; no same-vendor candidate exists."
GA-011,guide_absent,Leonard Paper,16aba9a0-92fc-4403-a07b-9972347566f6,2 oz portion cup lids,AC-PCLT2,"{""guide_line_id"":""47c63c06-9a97-475a-b4be-2591bf51c855"",""item_number"":""AC-PCLT2""}",,Same-vendor token overlap plus description similarity; candidate only. Vendor absent from supplied observation corpus.,low,docs/seed/source/vendor-exports/context/catalog-prod-2026-09-19.json:446; docs/seed/source/vendor-exports/reports/2026-09-19-catalog-join.md:155; docs/seed/source/vendor-exports/context/catalog-prod-2026-09-19.json:7185; docs/seed/source/vendor-exports/reports/2026-09-19-catalog-join.md:841,true,"REVIEW ONLY; no seed write, substitution, retirement or guide addition. No export/receipt coverage for this vendor; no same-vendor candidate exists."
GA-012,guide_absent,Leonard Paper,98fe0d23-1d80-46bc-abc1-f4714e5baf52,Plastic forks,EM-261FB,"{""guide_line_id"":""abc41c60-b23a-4b28-a354-9e650c420e48"",""item_number"":""EM-261FB""}",,Same-vendor token overlap plus description similarity; candidate only. Vendor absent from supplied observation corpus.,low,docs/seed/source/vendor-exports/context/catalog-prod-2026-09-19.json:2398; docs/seed/source/vendor-exports/reports/2026-09-19-catalog-join.md:174; docs/seed/source/vendor-exports/context/catalog-prod-2026-09-19.json:7698; docs/seed/source/vendor-exports/reports/2026-09-19-catalog-join.md:842,true,"REVIEW ONLY; no seed write, substitution, retirement or guide addition. No export/receipt coverage for this vendor; no same-vendor candidate exists."
GA-013,guide_absent,Leonard Paper,1e4854f8-a90c-4bce-acdb-f7eb7759ac1f,Plastic Spoons,EM-264SB,"{""guide_line_id"":""8bb5d7ac-b5c9-47cb-a55a-d2726f8697cf"",""item_number"":""EM-264SB""}",,Same-vendor token overlap plus description similarity; candidate only. Vendor absent from supplied observation corpus.,low,docs/seed/source/vendor-exports/context/catalog-prod-2026-09-19.json:558; docs/seed/source/vendor-exports/reports/2026-09-19-catalog-join.md:157; docs/seed/source/vendor-exports/context/catalog-prod-2026-09-19.json:7518; docs/seed/source/vendor-exports/reports/2026-09-19-catalog-join.md:843,true,"REVIEW ONLY; no seed write, substitution, retirement or guide addition. No export/receipt coverage for this vendor; no same-vendor candidate exists."
GA-014,guide_absent,Leonard Paper,c2dad104-a912-49ae-a743-1d3884f08f6e,Plastic Knives,EM-263KB,"{""guide_line_id"":""bb18f671-5f6a-48c8-8e34-5cf8ee839737"",""item_number"":""EM-263KB""}",,Same-vendor token overlap plus description similarity; candidate only. Vendor absent from supplied observation corpus.,low,docs/seed/source/vendor-exports/context/catalog-prod-2026-09-19.json:2910; docs/seed/source/vendor-exports/reports/2026-09-19-catalog-join.md:180; docs/seed/source/vendor-exports/context/catalog-prod-2026-09-19.json:7806; docs/seed/source/vendor-exports/reports/2026-09-19-catalog-join.md:844,true,"REVIEW ONLY; no seed write, substitution, retirement or guide addition. No export/receipt coverage for this vendor; no same-vendor candidate exists."
GA-015,guide_absent,Leonard Paper,52e3b1bb-7340-4f3e-ada8-adb39089eb2e,"Plates 8""",T-R090,"{""guide_line_id"":""e153eb18-7f9b-4833-a952-cb14287c2a58"",""item_number"":""T-R090""}",,Same-vendor token overlap plus description similarity; candidate only. Vendor absent from supplied observation corpus.,low,docs/seed/source/vendor-exports/context/catalog-prod-2026-09-19.json:1342; docs/seed/source/vendor-exports/reports/2026-09-19-catalog-join.md:164; docs/seed/source/vendor-exports/context/catalog-prod-2026-09-19.json:8004; docs/seed/source/vendor-exports/reports/2026-09-19-catalog-join.md:845,true,"REVIEW ONLY; no seed write, substitution, retirement or guide addition. No export/receipt coverage for this vendor; no same-vendor candidate exists."
GA-016,guide_absent,Leonard Paper,890e9e3b-22c0-4dc2-afb8-5fc4d2968ee4,Patty Paper,MN-PP55,"{""guide_line_id"":""bcc7b979-389a-48d8-8e90-d2762aaa6d18"",""item_number"":""MN-PP55""}",,Same-vendor token overlap plus description similarity; candidate only. Vendor absent from supplied observation corpus.,low,docs/seed/source/vendor-exports/context/catalog-prod-2026-09-19.json:2142; docs/seed/source/vendor-exports/reports/2026-09-19-catalog-join.md:170; docs/seed/source/vendor-exports/context/catalog-prod-2026-09-19.json:7824; docs/seed/source/vendor-exports/reports/2026-09-19-catalog-join.md:846,true,"REVIEW ONLY; no seed write, substitution, retirement or guide addition. No export/receipt coverage for this vendor; no same-vendor candidate exists."
GA-017,guide_absent,Leonard Paper,d214539e-c3d5-4556-b06d-a19e64553067,Paper Deli Sheets (Wax Paper),MN-105505,"{""guide_line_id"":""3f06b5f0-9d2a-4542-807f-cb48dff6c4ba"",""item_number"":""MN-105505""}",,Same-vendor token overlap plus description similarity; candidate only. Vendor absent from supplied observation corpus.,low,docs/seed/source/vendor-exports/context/catalog-prod-2026-09-19.json:3166; docs/seed/source/vendor-exports/reports/2026-09-19-catalog-join.md:185; docs/seed/source/vendor-exports/context/catalog-prod-2026-09-19.json:7086; docs/seed/source/vendor-exports/reports/2026-09-19-catalog-join.md:847,true,"REVIEW ONLY; no seed write, substitution, retirement or guide addition. No export/receipt coverage for this vendor; no same-vendor candidate exists."
GA-018,guide_absent,Leonard Paper,c4c0f286-41ed-4ac6-8e78-cd5180a1bf1a,Foil roll,WP-286,"{""guide_line_id"":""0d5dcbbc-ff60-48a5-8bba-f8f8f44dc9eb"",""item_number"":""WP-286""}",,Same-vendor token overlap plus description similarity; candidate only. Vendor absent from supplied observation corpus.,low,docs/seed/source/vendor-exports/context/catalog-prod-2026-09-19.json:2990; docs/seed/source/vendor-exports/reports/2026-09-19-catalog-join.md:182; docs/seed/source/vendor-exports/context/catalog-prod-2026-09-19.json:6789; docs/seed/source/vendor-exports/reports/2026-09-19-catalog-join.md:848,true,"REVIEW ONLY; no seed write, substitution, retirement or guide addition. No export/receipt coverage for this vendor; no same-vendor candidate exists."
GA-019,guide_absent,Leonard Paper,c2e04bcd-79b3-4888-9f68-e358db716941,Round Salad Bowls & Lids,EP-SB24,"{""guide_line_id"":""999d9682-78cb-436a-88e1-2ba444324529"",""item_number"":""EP-SB24""}",,Same-vendor token overlap plus description similarity; candidate only. Vendor absent from supplied observation corpus.,low,docs/seed/source/vendor-exports/context/catalog-prod-2026-09-19.json:2926; docs/seed/source/vendor-exports/reports/2026-09-19-catalog-join.md:181; docs/seed/source/vendor-exports/context/catalog-prod-2026-09-19.json:7563; docs/seed/source/vendor-exports/reports/2026-09-19-catalog-join.md:849,true,"REVIEW ONLY; no seed write, substitution, retirement or guide addition. No export/receipt coverage for this vendor; no same-vendor candidate exists."
GA-020,guide_absent,Leonard Paper,32fdbe2f-8844-4ba9-98be-8c7a19db73d2,Aluminum Full Pan (Catering),H-2050FC,"{""guide_line_id"":""a0d8e39f-17a1-4b08-9a13-f8deef6afe54"",""item_number"":""H-2050FC""}",,Same-vendor token overlap plus description similarity; candidate only. Vendor absent from supplied observation corpus.,low,docs/seed/source/vendor-exports/context/catalog-prod-2026-09-19.json:894; docs/seed/source/vendor-exports/reports/2026-09-19-catalog-join.md:160; docs/seed/source/vendor-exports/context/catalog-prod-2026-09-19.json:7617; docs/seed/source/vendor-exports/reports/2026-09-19-catalog-join.md:851,true,"REVIEW ONLY; no seed write, substitution, retirement or guide addition. No export/receipt coverage for this vendor; no same-vendor candidate exists."
GA-021,guide_absent,Leonard Paper,c80de5cd-bc7c-4765-baa1-cb9dbca9e552,Aluminum Full Pan Lid (Catering),H-20190050,"{""guide_line_id"":""1d8e4979-ec57-49ab-8746-2ec61aa65bbf"",""item_number"":""H-20190050""}",,Same-vendor token overlap plus description similarity; candidate only. Vendor absent from supplied observation corpus.,low,docs/seed/source/vendor-exports/context/catalog-prod-2026-09-19.json:3038; docs/seed/source/vendor-exports/reports/2026-09-19-catalog-join.md:183; docs/seed/source/vendor-exports/context/catalog-prod-2026-09-19.json:6861; docs/seed/source/vendor-exports/reports/2026-09-19-catalog-join.md:852,true,"REVIEW ONLY; no seed write, substitution, retirement or guide addition. No export/receipt coverage for this vendor; no same-vendor candidate exists."
GA-022,guide_absent,Leonard Paper,a9fc7faf-51c1-444c-ae91-917777490122,Gloves Medium,EM-PF251,"{""guide_line_id"":""7efd9df1-169a-4c6d-a8a3-e19d4e1f1c5f"",""item_number"":""EM-PF251""}",,Same-vendor token overlap plus description similarity; candidate only. Vendor absent from supplied observation corpus.,low,docs/seed/source/vendor-exports/context/catalog-prod-2026-09-19.json:2670; docs/seed/source/vendor-exports/reports/2026-09-19-catalog-join.md:178; docs/seed/source/vendor-exports/context/catalog-prod-2026-09-19.json:7509; docs/seed/source/vendor-exports/reports/2026-09-19-catalog-join.md:853,true,"REVIEW ONLY; no seed write, substitution, retirement or guide addition. No export/receipt coverage for this vendor; no same-vendor candidate exists."
GA-023,guide_absent,Leonard Paper,67052151-c067-4451-8fd9-f917b3168ff1,Gloves Large,EM-PF252,"{""guide_line_id"":""298cb708-8c33-4653-81ea-cafddeea0373"",""item_number"":""EM-PF252""}",,Same-vendor token overlap plus description similarity; candidate only. Vendor absent from supplied observation corpus.,low,docs/seed/source/vendor-exports/context/catalog-prod-2026-09-19.json:1726; docs/seed/source/vendor-exports/reports/2026-09-19-catalog-join.md:166; docs/seed/source/vendor-exports/context/catalog-prod-2026-09-19.json:6942; docs/seed/source/vendor-exports/reports/2026-09-19-catalog-join.md:854,true,"REVIEW ONLY; no seed write, substitution, retirement or guide addition. No export/receipt coverage for this vendor; no same-vendor candidate exists."
GA-024,guide_absent,Leonard Paper,dc20e61c-b403-4091-97a0-f69b91724e62,Gloves Extra Large,EM-PF256,"{""guide_line_id"":""969b5b3f-d0ae-4b06-81e0-78c301feddc5"",""item_number"":""EM-PF256""}",,Same-vendor token overlap plus description similarity; candidate only. Vendor absent from supplied observation corpus.,low,docs/seed/source/vendor-exports/context/catalog-prod-2026-09-19.json:3310; docs/seed/source/vendor-exports/reports/2026-09-19-catalog-join.md:186; docs/seed/source/vendor-exports/context/catalog-prod-2026-09-19.json:7554; docs/seed/source/vendor-exports/reports/2026-09-19-catalog-join.md:855,true,"REVIEW ONLY; no seed write, substitution, retirement or guide addition. No export/receipt coverage for this vendor; no same-vendor candidate exists."
GA-025,guide_absent,Leonard Paper,60191884-3284-45ca-a4ac-a241326e68a7,C- Fold napkins,NP-P100B,"{""guide_line_id"":""56ffab9a-021a-47c8-b487-bbbe97ea12f9"",""item_number"":""NP-P100B""}",,Same-vendor token overlap plus description similarity; candidate only. Vendor absent from supplied observation corpus.,low,docs/seed/source/vendor-exports/context/catalog-prod-2026-09-19.json:1630; docs/seed/source/vendor-exports/reports/2026-09-19-catalog-join.md:165; docs/seed/source/vendor-exports/context/catalog-prod-2026-09-19.json:7293; docs/seed/source/vendor-exports/reports/2026-09-19-catalog-join.md:856,true,"REVIEW ONLY; no seed write, substitution, retirement or guide addition. No export/receipt coverage for this vendor; no same-vendor candidate exists."
GA-026,guide_absent,Leonard Paper,76a42517-d11b-4dfb-9e1f-011822854873,Reciept Paper (thermal),IX-90780668,"{""guide_line_id"":""dcc6bc06-0e3e-45e7-ada1-4cbc708994b2"",""item_number"":""IX-90780668""}",,Same-vendor token overlap plus description similarity; candidate only. Vendor absent from supplied observation corpus.,low,docs/seed/source/vendor-exports/context/catalog-prod-2026-09-19.json:1902; docs/seed/source/vendor-exports/reports/2026-09-19-catalog-join.md:168; docs/seed/source/vendor-exports/context/catalog-prod-2026-09-19.json:7986; docs/seed/source/vendor-exports/reports/2026-09-19-catalog-join.md:857,true,"REVIEW ONLY; no seed write, substitution, retirement or guide addition. No export/receipt coverage for this vendor; no same-vendor candidate exists."
GA-027,guide_absent,Leonard Paper,f04287fa-c1eb-45b6-809c-c007c4706f44,Oven Cleaner,CBD-991206,"{""guide_line_id"":""369d8e0e-f592-4e4c-9104-861fe85547b6"",""item_number"":""CBD-991206""}",,Same-vendor token overlap plus description similarity; candidate only. Vendor absent from supplied observation corpus.,low,docs/seed/source/vendor-exports/context/catalog-prod-2026-09-19.json:3582; docs/seed/source/vendor-exports/reports/2026-09-19-catalog-join.md:190; docs/seed/source/vendor-exports/context/catalog-prod-2026-09-19.json:7032; docs/seed/source/vendor-exports/reports/2026-09-19-catalog-join.md:858,true,"REVIEW ONLY; no seed write, substitution, retirement or guide addition. No export/receipt coverage for this vendor; no same-vendor candidate exists."
GA-028,guide_absent,Leonard Paper,b6b2cf44-d199-4698-9abe-e752d0ef289c,Quart Bags (single),D-40036,"{""guide_line_id"":""68e207fa-c50d-4b11-ad82-ea8b741a443a"",""item_number"":""D-40036""}",,Same-vendor token overlap plus description similarity; candidate only. Vendor absent from supplied observation corpus.,low,docs/seed/source/vendor-exports/context/catalog-prod-2026-09-19.json:2782; docs/seed/source/vendor-exports/reports/2026-09-19-catalog-join.md:179; docs/seed/source/vendor-exports/context/catalog-prod-2026-09-19.json:7401; docs/seed/source/vendor-exports/reports/2026-09-19-catalog-join.md:859,true,"REVIEW ONLY; no seed write, substitution, retirement or guide addition. No export/receipt coverage for this vendor; no same-vendor candidate exists."
GA-029,guide_absent,Leonard Paper,8fdc3a92-e8a6-4789-811c-4d28db2e07d9,Pastry bags,DM-IT115437,"{""guide_line_id"":""e99459f7-6f10-4118-b686-7b68013bbb91"",""item_number"":""DM-IT115437""}",,Same-vendor token overlap plus description similarity; candidate only. Vendor absent from supplied observation corpus.,low,docs/seed/source/vendor-exports/context/catalog-prod-2026-09-19.json:2286; docs/seed/source/vendor-exports/reports/2026-09-19-catalog-join.md:171; docs/seed/source/vendor-exports/context/catalog-prod-2026-09-19.json:8085; docs/seed/source/vendor-exports/reports/2026-09-19-catalog-join.md:860,true,"REVIEW ONLY; no seed write, substitution, retirement or guide addition. No export/receipt coverage for this vendor; no same-vendor candidate exists."
GA-030,guide_absent,Leonard Paper,9ec51b85-608f-4579-a0a9-a4c62eaced56,Butcher Paper,S-1824PS,"{""guide_line_id"":""0c889b5c-e603-4a0c-b5bd-db0732c173a3"",""item_number"":""S-1824PS""}",,Same-vendor token overlap plus description similarity; candidate only. Vendor absent from supplied observation corpus.,low,docs/seed/source/vendor-exports/context/catalog-prod-2026-09-19.json:2446; docs/seed/source/vendor-exports/reports/2026-09-19-catalog-join.md:175; docs/seed/source/vendor-exports/context/catalog-prod-2026-09-19.json:6780; docs/seed/source/vendor-exports/reports/2026-09-19-catalog-join.md:861,true,"REVIEW ONLY; no seed write, substitution, retirement or guide addition. No export/receipt coverage for this vendor; no same-vendor candidate exists."
GA-031,guide_absent,Leonard Paper,339a267a-083e-489c-b5f8-2885408f1469,Blue Tape (labeling),ST-104952,"{""guide_line_id"":""16805658-b9d7-4e7e-9c72-a627e0f3cb46"",""item_number"":""ST-104952""}",,Same-vendor token overlap plus description similarity; candidate only. Vendor absent from supplied observation corpus.,low,docs/seed/source/vendor-exports/context/catalog-prod-2026-09-19.json:926; docs/seed/source/vendor-exports/reports/2026-09-19-catalog-join.md:161; docs/seed/source/vendor-exports/context/catalog-prod-2026-09-19.json:6825; docs/seed/source/vendor-exports/reports/2026-09-19-catalog-join.md:862,true,"REVIEW ONLY; no seed write, substitution, retirement or guide addition. No export/receipt coverage for this vendor; no same-vendor candidate exists."
GA-032,guide_absent,Leonard Paper,e25e24eb-14b9-4a77-b3ac-5d9c4a268dbe,Trash Liners 40x46,JR-4046XH,"{""guide_line_id"":""6e77ffb4-d6d3-4de6-a625-f58cb0003fd9"",""item_number"":""JR-4046XH""}",,Same-vendor token overlap plus description similarity; candidate only. Vendor absent from supplied observation corpus.,low,docs/seed/source/vendor-exports/context/catalog-prod-2026-09-19.json:3342; docs/seed/source/vendor-exports/reports/2026-09-19-catalog-join.md:187; docs/seed/source/vendor-exports/context/catalog-prod-2026-09-19.json:7446; docs/seed/source/vendor-exports/reports/2026-09-19-catalog-join.md:863,true,"REVIEW ONLY; no seed write, substitution, retirement or guide addition. No export/receipt coverage for this vendor; no same-vendor candidate exists."
GA-033,guide_absent,Leonard Paper,9534aaac-d9f2-4fa8-bca5-d2c4bae8a063,Plastic Wrap,SW-242,"{""guide_line_id"":""f988e5d4-a62d-479b-8ac7-37cd18a6d4fb"",""item_number"":""SW-242""}",,Same-vendor token overlap plus description similarity; candidate only. Vendor absent from supplied observation corpus.,low,docs/seed/source/vendor-exports/context/catalog-prod-2026-09-19.json:2350; docs/seed/source/vendor-exports/reports/2026-09-19-catalog-join.md:172; docs/seed/source/vendor-exports/context/catalog-prod-2026-09-19.json:8175; docs/seed/source/vendor-exports/reports/2026-09-19-catalog-join.md:864,true,"REVIEW ONLY; no seed write, substitution, retirement or guide addition. No export/receipt coverage for this vendor; no same-vendor candidate exists."
GA-034,guide_absent,Leonard Paper,0c48c87f-1e40-4ac8-bdff-b54300106c19,Toilet Paper,RT-276,"{""guide_line_id"":""43041595-38a6-4933-8f07-bb7d0e596f99"",""item_number"":""RT-276""}",,Same-vendor token overlap plus description similarity; candidate only. Vendor absent from supplied observation corpus.,low,docs/seed/source/vendor-exports/context/catalog-prod-2026-09-19.json:286; docs/seed/source/vendor-exports/reports/2026-09-19-catalog-join.md:116; docs/seed/source/vendor-exports/context/catalog-prod-2026-09-19.json:7158; docs/seed/source/vendor-exports/reports/2026-09-19-catalog-join.md:865,true,"REVIEW ONLY; no seed write, substitution, retirement or guide addition. No export/receipt coverage for this vendor; no same-vendor candidate exists."
GA-035,guide_absent,Leonard Paper,2cd933ea-f8db-4b10-a81e-a74cc973df68,Stainless Steel Scrubbies,OC-96143,"{""guide_line_id"":""7cb06828-f6bd-4673-99e4-91337a836db8"",""item_number"":""OC-96143""}",,Same-vendor token overlap plus description similarity; candidate only. Vendor absent from supplied observation corpus.,low,docs/seed/source/vendor-exports/context/catalog-prod-2026-09-19.json:766; docs/seed/source/vendor-exports/reports/2026-09-19-catalog-join.md:159; docs/seed/source/vendor-exports/context/catalog-prod-2026-09-19.json:7491; docs/seed/source/vendor-exports/reports/2026-09-19-catalog-join.md:866,true,"REVIEW ONLY; no seed write, substitution, retirement or guide addition. No export/receipt coverage for this vendor; no same-vendor candidate exists."
GA-036,guide_absent,Leonard Paper,350d4fd1-add2-4328-935b-dfdb6887c5a4,Green scouring pads,M-96,"{""guide_line_id"":""4739daa4-f1e5-4c2a-888f-bc4a491c952d"",""item_number"":""M-96""}",,Same-vendor token overlap plus description similarity; candidate only. Vendor absent from supplied observation corpus.,low,docs/seed/source/vendor-exports/context/catalog-prod-2026-09-19.json:958; docs/seed/source/vendor-exports/reports/2026-09-19-catalog-join.md:162; docs/seed/source/vendor-exports/context/catalog-prod-2026-09-19.json:7176; docs/seed/source/vendor-exports/reports/2026-09-19-catalog-join.md:867,true,"REVIEW ONLY; no seed write, substitution, retirement or guide addition. No export/receipt coverage for this vendor; no same-vendor candidate exists."
GA-037,guide_absent,PFG,d88500d9-ae59-4807-ac3d-5542f35ca4f3,Iceberg,ICE1/5326426,"{""guide_line_id"":""4ff611ee-b04c-415e-9c87-925cdb676440"",""item_number"":""ICE1/5326426""}",994274 | LETTUCE CELLO ICEBERG CALIFORNIA | 1/24 CT,Same-vendor token overlap plus description similarity; candidate only. Score 0.904; source vendor pfg.,medium,docs/seed/source/vendor-exports/context/catalog-prod-2026-09-19.json:3278; docs/seed/source/vendor-exports/reports/2026-09-19-catalog-join.md:317; docs/seed/source/vendor-exports/normalized/pfg-purchase-history-2026-09-18.json:2004; docs/seed/source/vendor-exports/context/catalog-prod-2026-09-19.json:7221; docs/seed/source/vendor-exports/reports/2026-09-19-catalog-join.md:877,true,"REVIEW ONLY; no seed write, substitution, retirement or guide addition. Nearest same-vendor description is not an identity match. Stored ICE1/5326426 combines Baldor/US Foods codes under PFG; neither may be attached as a PFG number."
GA-038,guide_absent,PFG,f0e8a841-5841-4f96-a107-c74033e4cf88,Tuna,SEA2,"{""guide_line_id"":""d57ef8b9-d69a-414b-abe8-c4497ea4a2e1"",""item_number"":""SEA2""}",552670 | TUNA CHUNK LIGHT SKIPJACK | 6/66.5 OZ,Same-vendor token overlap plus description similarity; candidate only. Score 0.891; source vendor pfg.,medium,docs/seed/source/vendor-exports/context/catalog-prod-2026-09-19.json:3598; docs/seed/source/vendor-exports/reports/2026-09-19-catalog-join.md:320; docs/seed/source/vendor-exports/normalized/pfg-purchase-history-2026-09-18.json:1036; docs/seed/source/vendor-exports/context/catalog-prod-2026-09-19.json:7905; docs/seed/source/vendor-exports/reports/2026-09-19-catalog-join.md:921,true,"REVIEW ONLY; no seed write, substitution, retirement or guide addition. Nearest same-vendor description is not an identity match."
GA-039,guide_absent,PFG,6016302f-dcf0-458c-88ab-13a001608a15,Saratoga,1292481,"{""guide_line_id"":""d9c16a20-9a35-4ba2-b88a-e5ad46c67774"",""item_number"":""1292481""}",986454 | WATER SPARKLING SPRING GLASS | 24/12 OZ,Same-vendor token overlap plus description similarity; candidate only. Score 0.033; source vendor pfg.,low,docs/seed/source/vendor-exports/context/catalog-prod-2026-09-19.json:1614; docs/seed/source/vendor-exports/reports/2026-09-19-catalog-join.md:313; docs/seed/source/vendor-exports/normalized/pfg-purchase-history-2026-09-18.json:68; docs/seed/source/vendor-exports/context/catalog-prod-2026-09-19.json:7941; docs/seed/source/vendor-exports/reports/2026-09-19-catalog-join.md:926,true,"REVIEW ONLY; no seed write, substitution, retirement or guide addition. Nearest same-vendor description is not an identity match. Stored number exists at US Foods, not PFG. No cross-vendor identity transfer."
GA-040,guide_absent,PFG,e9817760-0b15-4b79-b37b-cbf376432dad,Employee Water,5488748,"{""guide_line_id"":""2aefd45f-bf33-4531-9dfe-e53303fd7f7a"",""item_number"":""5488748""}",1056016 | WATER PURIFIED DRINKING | 24/16.9 OZ,Same-vendor token overlap plus description similarity; candidate only. Score 0.466; source vendor pfg.,low,docs/seed/source/vendor-exports/context/catalog-prod-2026-09-19.json:3502; docs/seed/source/vendor-exports/reports/2026-09-19-catalog-join.md:319; docs/seed/source/vendor-exports/normalized/pfg-purchase-history-2026-09-18.json:46; docs/seed/source/vendor-exports/context/catalog-prod-2026-09-19.json:6951; docs/seed/source/vendor-exports/reports/2026-09-19-catalog-join.md:928,true,"REVIEW ONLY; no seed write, substitution, retirement or guide addition. Nearest same-vendor description is not an identity match. Stored number exists at US Foods, not PFG. No cross-vendor identity transfer."
GA-041,guide_absent,Trimark,d69ebd1f-7789-425f-9cb9-0a38f3da88c9,Solar Green gallons,20034,"{""guide_line_id"":""1c5cb807-bfae-4d8b-af26-e084f585681d"",""item_number"":""20034""}",20970 | DISPENSER PRO TRANSPARENT BLACK/CHROME 1L 1ea | ,Same-vendor token overlap plus description similarity; candidate only. Score 0.037; source vendor TriMark.,low,docs/seed/source/vendor-exports/context/catalog-prod-2026-09-19.json:3246; docs/seed/source/vendor-exports/reports/2026-09-19-catalog-join.md:368; docs/seed/source/vendor-exports/normalized/receipts-receipts-2026-09-18-batch1.json:241; docs/seed/source/vendor-exports/context/catalog-prod-2026-09-19.json:6852; docs/seed/source/vendor-exports/reports/2026-09-19-catalog-join.md:940,true,"REVIEW ONLY; no seed write, substitution, retirement or guide addition. Nearest same-vendor description is not an identity match."
